A,Name on ballot,"Candidate

Sequence",Unnamed: 3,"   Type
      Nominat-
            ion","Electoral
district",Unnamed: 6,Sex,Candidate's full name,Voter number
257 ,State of Law Coalition,21 ,,Alliance,Babylon,,Male,"I am sad about Mohsen Hamza Ali Al-
Zaghithi",2201
257 ,State of Law Coalition,22 ,,Alliance,Babylon,,Male,Ahmed Mohsen Ali Musa Al-Fayyadh,2202
257 ,State of Law Coalition,23 ,,Alliance,Babylon,,Male,Nima Mansour Aifan Sultan Al Shamri,2203
257 ,State of Law Coalition,24 ,,Alliance,Babylon,,"   female
 ",Kholoud Muzan Khalil Abdul Sheikh Al-Musaid,2204
257 ,State of Law Coalition,25 ,,Alliance,Babylon,,Male,"   Murtazan Abdul Ali Jassim Mo-
             hammed Al-Yasiri",2205
257 ,State of Law Coalition,26 ,,Alliance,Babylon,,Male,"     Haitham Mohammed Kazim Mansi
                       Al-Jabouri",2206
257 ,State of Law Coalition,27 ,,Alliance,Babylon,,Male,     Alaa Shamran Fair and Mahdi Al-Amari,2207
257 ,State of Law Coalition,28 ,,Alliance,Babylon,,"   female
 ",Sahar Fakhri Abbas Imran Shamri,2208
257 ,State of Law Coalition,29 ,,Alliance,Babylon,,Male,    Abbas Awda Hamoudkredi Al-Bouali,2209
257 ,State of Law Coalition,30 ,,Alliance,Babylon,,Male,Ahmed Shaker Fadel Nayel Al-Khafaji,2210
257 ,State of Law Coalition,32 ,,Alliance,Babylon,,"   female
 ","Nagham Saleh Tumankaser Y Al-
                    Jabouri",2211
259 ,"National Depth Allia-
nce",1 ,,Alliance,Babylon,,Male,"      Jassim Mohammed Ashlaka, the end
                   of evil, technically",2212
259 ,"National Depth Allia-
nce",2 ,,Alliance,Babylon,,Male,"I feel sorry for you, I feel sorry for your
                    leftist brother",2213
259 ,"National Depth Allia-
nce",3 ,,Alliance,Babylon,,Male,    Dhulfikar Ali Mohsen Aziz Al-Khafaji,2214
259 ,"National Depth Allia-
nce",4 ,,Alliance,Babylon,,"   female
 ", Nagham Ali Muhammad Kassar Al-Hasnawi,2215
259 ,"National Depth Allia-
nce",5 ,,Alliance,Babylon,,Male,Hamid Ayal Matroud Abboud Dagheer,2216
259 ,"National Depth Allia-
nce",9 ,,Alliance,Babylon,,"   female
 ",    Rafat Abbas Abboud Marouf Marouf,2217
259 ,"National Depth Allia-
nce",10 ,,Alliance,Babylon,,Male,  Ahmed Hadi Obaid Hajem Al-Kawam,2218
259 ,"National Depth Allia-
nce",12 ,,Alliance,Babylon,,Male,Hassan Falah Hassan Dokhna Al-Asadi,2219
259 ,"National Depth Allia-
nce",13 ,,Alliance,Babylon,,Male," Mohammed Shaker Abdul
           Jabbar Arasn Y",2220
259 ,"National Depth Allia-
nce",14 ,,Alliance,Babylon,,Male,"     Hasir N       Nima Muhsin Kadhim Dha-
                                bahawi",2221
259 ,"National Depth Allia-
nce",15 ,,Alliance,Babylon,,Male,     Hassan Thamer succeeded Hassan Al-Boubdallah,2222
259 ,"National Depth Allia-
nce",16 ,,Alliance,Babylon,,"   female
 ",   Loyalty Abdul Haseer N Jawad Salman Al-Zahir,2223
259 ,"National Depth Allia-
nce",17 ,,Alliance,Babylon,,Male,"Abdul Salam Khalaf Hassan Aziz
                    Al-Sultani",2224
259 ,"National Depth Allia-
nce",20 ,,Alliance,Babylon,,"   female
 ","Loyalty to Talib Kazim Haseer N Al-
                        Khazaali",2225
259 ,"National Depth Allia-
nce",21 ,,Alliance,Babylon,,Male,Haider Kazim Habib Kazim Mansour,2226
259 ,"National Depth Allia-
nce",23 ,,Alliance,Babylon,,Male,"
Ali Hassan Hamyouzi Freiji",2227
259 ,"National Depth Allia-
nce",24 ,,Alliance,Babylon,,"   female
 ","Azhar Ali Abdul-Amir Kadhim Al-
Tani",2228
259 ,"National Depth Allia-
nce",25 ,,Alliance,Babylon,,Male,Haider Hadi Jassim Daji Al-Maamouri,2229
259 ,"National Depth Allia-
nce",26 ,,Alliance,Babylon,,Male,Ali Jassim Jafarkadhim Al-Naeemiyi,2230
259 ,"National Depth Allia-
nce",28 ,,Alliance,Babylon,,"   female
 ","Rawaa Qaed Haseer N Jassim Al Manso-
uri",2231
259 ,"National Depth Allia-
nce",30 ,,Alliance,Babylon,,"   female
 "," Warka Muhammad Hasir N
              Hamza Emirate",2232
259 ,"National Depth Allia-
nce",32 ,,Alliance,Babylon,,"   female
 ",رنا احسان عبدالامير علوان الحرني,2233
259 ,"National Depth Allia-
nce",33 ,,Alliance,Babylon,,Male,   Taha Ibrahim Abdel Abbas Rasn Y Al-Ajili,2234
259 ,"National Depth Allia-
nce",34 ,,Alliance,Babylon,,"   female
 ",Zeina Joudtkadhim Aziz Al-Zaidi,2235
271 ,Services Alliance,1 ,,Alliance,Babylon,,Male,"Yasser Hashem Ali Abbas Al-Husaythan
Y",2236
271 ,Services Alliance,2 ,,Alliance,Babylon,,Male,Mohammed Hadikadhim Abboud Al-Shammari,2237
271 ,Services Alliance,3 ,,Alliance,Babylon,,Male,Saad Hamed Hadi Matloub Al-Maamouri,2238
271 ,Services Alliance,4 ,,Alliance,Babylon,,"   female
 ","The days of Hasir Muhammad Aziz Al-
Fariji",2239
271 ,Services Alliance,5 ,,Alliance,Babylon,,Male,"Muhammad Ali Hasir N       Ali
Al-Masoudi",2240
271 ,Services Alliance,6 ,,Alliance,Babylon,,Male,Mohammed Nour Mohsen Kazem Al-Awady,2241
271 ,Services Alliance,7 ,,Alliance,Babylon,,Male,Saadi Latif Khorshid Juma Sultani,2242
271 ,Services Alliance,8 ,,Alliance,Babylon,,"   female
 ",Zainab Awad Nasser Khalil Al-Awady,2243
271 ,Services Alliance,9 ,,Alliance,Babylon,,Male,Ayad Hassan Mahdi Kouh Al-Zaghithi,2244
271 ,Services Alliance,10 ,,Alliance,Babylon,,Male,Amer Majeed Mohsen Khadnabouhia,2245
271 ,Services Alliance,11 ,,Alliance,Babylon,,Male,"Haidar Rahim Jirasn Y. al-
Kurdi",2246
271 ,Services Alliance,12 ,,Alliance,Babylon,,"   female
 ",Nasheen Jim Hassan Issa Al-Awady,2247
271 ,Services Alliance,13 ,,Alliance,Babylon,,Male,    Haider Ajaj Abtan Hassoun Al-Sultani,2248
271 ,Services Alliance,14 ,,Alliance,Babylon,,Male,"  Abdul Karim Kamil Hamid Issa
                  Al-Alwani",2249
271 ,Services Alliance,15 ,,Alliance,Babylon,,Male,      Abdul Wahid Ali Kazim Abbas Al-Gharani,2250
271 ,Services Alliance,16 ,,Alliance,Babylon,,"   female
 ","Sahar Fadel Jawad Rashid
          Al-Bir Manni",2251
271 ,Services Alliance,17 ,,Alliance,Babylon,,Male,"      Hasir N       Hassankataa Mus Jal-
                              iha",2252
271 ,Services Alliance,18 ,,Alliance,Babylon,,Male,"     Hasir N       Mazharna Sahrha N Al-
                            Awidi",2253
271 ,Services Alliance,19 ,,Alliance,Babylon,,Male,"     Muhammad Jabbar, the owner of Attia Al-Awidi",2254
271 ,Services Alliance,20 ,,Alliance,Babylon,,"   female
 ",بيان صاحب عبود خنجر الفتلاوي,2255
271 ,Services Alliance,21 ,,Alliance,Babylon,,Male,     Hassan Khleibes Obaidi Shop,2256
271 ,Services Alliance,22 ,,Alliance,Babylon,,Male,"I am sad about Jassim Moh-
     ammed Abdul Sultani",2257
271 ,Services Alliance,23 ,,Alliance,Babylon,,Male,"      Mustafa Hamza Abdul Radam Al-
                          Matrawi",2258
271 ,Services Alliance,24 ,,Alliance,Babylon,,"   female
 ",Ghada Talib Hassoun Faris Al-Maamouri,2259
271 ,Services Alliance,25 ,,Alliance,Babylon,,Male,Barq Mohammed Abdulkadhim Al-Zubaidi,2260
271 ,Services Alliance,26 ,,Alliance,Babylon,,Male,Sajjad Qasim Kazim Sultan Al-Mousawi,2261
271 ,Services Alliance,27 ,,Alliance,Babylon,,Male,Haider Makhif Abdul-Sada Akrouk Saidi,2262
271 ,Services Alliance,28 ,,Alliance,Babylon,,"   female
 ","In memory of Mohsen Ne'meh Ali
Al-Sultani",2263
271 ,Services Alliance,29 ,,Alliance,Babylon,,Male,Fadhel Hasiran Mishari Shatab Shatab,2264
271 ,Services Alliance,30 ,,Alliance,Babylon,,Male,    Abbas Hasir Abdiyoub Shanni Al-Khafaji,2265
271 ,Services Alliance,31 ,,Alliance,Babylon,,Male,Salah Ayed Khadir Kleib Al-Janani,2266
271 ,Services Alliance,32 ,,Alliance,Babylon,,"   female
 ",   Alaa Naji Saeed Salman Al-Rukani,2267
271 ,Services Alliance,33 ,,Alliance,Babylon,,Male,Haider Abbas Nasser Joudah Al-Maamouri,2268
271 ,Services Alliance,34 ,,Alliance,Babylon,,"female
 ","Visions of Ali Hasirn Hamza
Al-Tamimi",2269
202 ,Sadiqun Movement,1 ,,Party,Baghdad,,Male,Naeem Abdul Yasser Al-Aboudi,2270
202 ,Sadiqun Movement,2 ,,Party,Baghdad,,Male,"Qasim Nima, the guarantor of Abdullah Al-Daraji",2271
202 ,Sadiqun Movement,3 ,,Party,Baghdad,,Male,"Hasir N       Hashim Bakr Hasir N
Al-Amri",2272
202 ,Sadiqun Movement,4 ,,Party,Baghdad,,"female
 ",Zainab Juma Fakher Nema Al-Moussawi,2273
202 ,Sadiqun Movement,5 ,,Party,Baghdad,,Male,Jasm Kazim Jassim Awad Al-Amri,2274
202 ,Sadiqun Movement,6 ,,Party,Baghdad,,Male,     Ibrahim Qasim Ibrahim Khadir Al-Amri,2275
202 ,Sadiqun Movement,7 ,,Party,Baghdad,,Male,"     Zaid Jamal Dawood
   Muhammad Al-Kanani",2276
202 ,Sadiqun Movement,8 ,,Party,Baghdad,,"female
 ",Iktifa Mazhar Abdul Kassar Al-Hasnawi,2277
202 ,Sadiqun Movement,9 ,,Party,Baghdad,,"female
 ",  Yashi Glob Madloul Awad Al-Masoudi,2278
202 ,Sadiqun Movement,10 ,,Party,Baghdad,,"female
 ",  Suhaila Najm Abdullah Jassim Al-Sultanni,2279
202 ,Sadiqun Movement,11 ,,Party,Baghdad,,Male,  Ali Sami Jalil Abdul Sahib Al-Diwani,2280
202 ,Sadiqun Movement,12 ,,Party,Baghdad,,"female
 ",Ayat Karim Hamid Arhim Al-Maliki,2281
202 ,Sadiqun Movement,13 ,,Party,Baghdad,,Male,Safaa Lafta Younis Saleh Al-Jabri,2282
202 ,Sadiqun Movement,14 ,,Party,Baghdad,,Male,Ali Latif Muhammad Salih Al-Quraisi,2283
202 ,Sadiqun Movement,15 ,,Party,Baghdad,,Male," Jassim Mohammed Waror Ka-
        shmir Al-Shar Yifn Y",2284
202 ,Sadiqun Movement,16 ,,Party,Baghdad,,"female
 ","    Upon him, Faleh Awad Abbas Al-Emirate",2285
202 ,Sadiqun Movement,17 ,,Party,Baghdad,,Male,     Ammar Salman Obaid Mukhlif Al-Amiri,2286
202 ,Sadiqun Movement,18 ,,Party,Baghdad,,Male,          Muhammad Abdul Sattar Muhammad Hassan Al-Baghdadi,2287
202 ,Sadiqun Movement,19 ,,Party,Baghdad,,Male,"Sadiq Fadhel Ali Abbas Al-Hasthan
                         Y",2288
202 ,Sadiqun Movement,20 ,,Party,Baghdad,,"female
 ","  Faten Abdul Wahid Abbas Jas-
              sim Al-Halfan Y",2289
202 ,Sadiqun Movement,21 ,,Party,Baghdad,,Male,Raad Ashkheerfaleh Hassan Al-Zaidi,2290
202 ,Sadiqun Movement,22 ,,Party,Baghdad,,"
انمیيMغaلlاeجابر","
علىي جبرمونس",2291
202 ,Sadiqun Movement,23 ,,Party,Baghdad,,Male,Ibrahim Najm Hadid Salman Al-Lami,2292
202 ,Sadiqun Movement,24 ,,Party,Baghdad,,"female
 ",    Suhad Ismail Ne'ma Saeed Al-Saeed,2293
202 ,Sadiqun Movement,25 ,,Party,Baghdad,,Male,  The Spectre of Diabkazar Salem Al-Ghazawi,2294
202 ,Sadiqun Movement,26 ,,Party,Baghdad,,Male,Omar Salim Saleh Mahdi Al-Baldawi,2295
202 ,Sadiqun Movement,27 ,,Party,Baghdad,,Male,"     I am very sad about Hafez Muhammad Al-
                               Zirjawi",2296
202 ,Sadiqun Movement,28 ,,Party,Baghdad,,Male, Haider Hamid Faraj Hassan Al-Hamash,2297
202 ,Sadiqun Movement,29 ,,Party,Baghdad,,Male,     Baqir Jabbar Daraw Mutlaq Al-Fariji,2298
202 ,Sadiqun Movement,30 ,,Party,Baghdad,,Male,"Hasir N       Ali Hasir N
           Ali Al-Tamimi",2299
202 ,Sadiqun Movement,31 ,,Party,Baghdad,,Male,Mahmoud Shaker Khazal Ali Al-Shammari,2300
202 ,Sadiqun Movement,32 ,,Party,Baghdad,,"   female
 ",Alia Shanir N Masoudkazar Al-Saidi,2301
202 ,Sadiqun Movement,33 ,,Party,Baghdad,,Male,"Haider Subaih, scattered, and very fresh",2302
202 ,Sadiqun Movement,34 ,,Party,Baghdad,,Male,Charter of Talib Ismail Ahmed Al-Himir Y,2303
202 ,Sadiqun Movement,35 ,,Party,Baghdad,,Male,"Saad Jabbar Dhamid Shahir N Al-
Shai",2304
202 ,Sadiqun Movement,36 ,,Party,Baghdad,,"   female
 ",Farewell to Fadhel Abdul Ali Imran Al-Salji,2305
202 ,Sadiqun Movement,37 ,,Party,Baghdad,,Male,   Ahmed Ismail Abdullah Ahmed Al-Naimiyi,2306
202 ,Sadiqun Movement,38 ,,Party,Baghdad,,Male,"      Riyadh Muhammad Hasan Akab Al-Hasthan
                                         Y",2307
202 ,Sadiqun Movement,39 ,,Party,Baghdad,,Male,"Asim Muhammad Ali Muhammad
Al-Muhanna",2308
202 ,Sadiqun Movement,40 ,,Party,Baghdad,,"   female
 ","Israa Hassan, Khalil Al-Jabouri's book",2309
202 ,Sadiqun Movement,41 ,,Party,Baghdad,,Male,Ali Hassan Ali Shalhoub Al-Akeely,2310
202 ,Sadiqun Movement,42 ,,Party,Baghdad,,Male,Hamza Abdul Ali Talal Salman Al-Maslamawi,2311
202 ,Sadiqun Movement,43 ,,Party,Baghdad,,Male,Yasser Salah Abbas Aziz Al-Saadi,2312
202 ,Sadiqun Movement,44 ,,Party,Baghdad,,"   female
 ",        Baraa Waad Khalil Abdullah Al-Zubaidi,2313
202 ,Sadiqun Movement,45 ,,Party,Baghdad,,Male,       Salah Hassan Hafez Awad Al-Rubaie,2314
202 ,Sadiqun Movement,46 ,,Party,Baghdad,,Male,       Firas Rasool Jaafar Fadhel Al-Ghariri,2315
202 ,Sadiqun Movement,47 ,,Party,Baghdad,,Male,محمد جبار والیي دنبوس الفريجي,2316
202 ,Sadiqun Movement,48 ,,Party,Baghdad,,Male,"Ali Abdul Karim KhalafNaim
Al-Akanani",2317
202 ,Sadiqun Movement,49 ,,Party,Baghdad,,"   female
 ","Reham Hassan ThamerHassan Alh-
ilalıi",2318
202 ,Sadiqun Movement,50 ,,Party,Baghdad,,Male,Ali Hatem Ne'ma Abd Ali Al-Shuwaili,2319
202 ,Sadiqun Movement,51 ,,Party,Baghdad,,Male,Abbas Abdul Shadher Sakar Al-Tamimiyi,2320
202 ,Sadiqun Movement,52 ,,Party,Baghdad,,"   female
 ","Sahar Issa Hamoud Mahdi
Al-Kanani",2321
202 ,Sadiqun Movement,53 ,,Party,Baghdad,,Male,"Wassam Jawad Kadhim Ha-
siran Akthi",2322
202 ,Sadiqun Movement,54 ,,Party,Baghdad,,"   female
 ","Zainab Mohammed Amirn Hasir N
Al-Jaf",2323
202 ,Sadiqun Movement,55 ,,Party,Baghdad,,"   female
 ",Basair Abdulhasir N       Judeh Shahl Al-Hamidawi,2324
202 ,Sadiqun Movement,57 ,,Party,Baghdad,,Male,Ather Hamid Mahmoud KhalafFaraji,2325
202 ,Sadiqun Movement,58 ,,Party,Baghdad,,Male,Firas Hamid Mohsen Hassan Al-Zubaidi,2326
202 ,Sadiqun Movement,59 ,,Party,Baghdad,,"   female
 ",IthmarShakramjid Nasser Al-Shatri,2327
202 ,Sadiqun Movement,60 ,,Party,Baghdad,,Male,Adel Issa's Persian Al-Bahadliyyah,2328
202 ,Sadiqun Movement,61 ,,Party,Baghdad,,"   female
 ",Nour Mahdi Muhammad Musa al-Mousawi,2329
202 ,Sadiqun Movement,62 ,,Party,Baghdad,,Male,"Good morning balm, surround the wounds of Al-Shablawi",2330
202 ,Sadiqun Movement,63 ,,Party,Baghdad,,"   female
 ",Ashwaq Jasmzar Lafta Shamri,2331
202 ,Sadiqun Movement,64 ,,Party,Baghdad,,Male,Mohammed Majeed Hamid Zahir Mutair,2332
202 ,Sadiqun Movement,65 ,,Party,Baghdad,,"   female
 ",Amal Hakim Juwayt Muhan Al Shamri,2333
202 ,Sadiqun Movement,66 ,,Party,Baghdad,,"   female
 ",Arej Abdul Razzaq Habib Zahir Amidi,2334
202 ,Sadiqun Movement,67 ,,Party,Baghdad,,"   female
 ",Wafaa Ghaleb KhalafJumaa Al-Samarani,2335
202 ,Sadiqun Movement,68 ,,Party,Baghdad,,Male,Malik Naama Hawas Waliyy Al-Khazraji,2336
202 ,Sadiqun Movement,69 ,,Party,Baghdad,,Male,I feel sorry for Abbas Al-Khazraji,2337
202 ,Sadiqun Movement,70 ,,Party,Baghdad,,Male,Ali Nouri Jawad Jassim Al-Shammari,2338
202 ,Sadiqun Movement,71 ,,Party,Baghdad,,Male,"Maan Hashem, Lahims, Saifn, Ya
Al-Radithan, Ya",2339
202 ,Sadiqun Movement,72 ,,Party,Baghdad,,Male,"Mu'ayyar Na'mad Farhood Rasn Y
Al-Sa'idi",2340
202 ,Sadiqun Movement,74 ,,Party,Baghdad,,Male,"Mohammed Safni Huwaidi
Golan Al-Aboudi",2341
202 ,Sadiqun Movement,75 ,,Party,Baghdad,,Male,Jawdat Bahjat Muhammad Ali Elias,2342
202 ,Sadiqun Movement,76 ,,Party,Baghdad,,Male,"Hassan Shayek Kazem Shahib Do-
lphin Y",2343
202 ,Sadiqun Movement,77 ,,Party,Baghdad,,Male,Ali Khadir Ali Hasir Al-Muhawi,2344
202 ,Sadiqun Movement,78 ,,Party,Baghdad,,"   female
 ",Nias Abbas Laithi Jabbar Al-Moussawi,2345
202 ,Sadiqun Movement,79 ,,Party,Baghdad,,Male,"Hamed Hamid Ali Moha-
mmed",2346
202 ,Sadiqun Movement,80 ,,Party,Baghdad,,Male,Raed Ghaleb Hassan Kadhim Al-Shammari,2347
202 ,Sadiqun Movement,81 ,,Party,Baghdad,,Male,Sultan Javad Mohammad's mouse,2348
202 ,Sadiqun Movement,82 ,,Party,Baghdad,,"   female
 ","Israa Najm Abdul Nasser Bathin Ya
Hajim",2349
202 ,Sadiqun Movement,83 ,,Party,Baghdad,,Male,"Sami Munshid Muhammad Kasara Al
Shamri",2350
202 ,Sadiqun Movement,84 ,,Party,Baghdad,,Male,"Waiting for Subaih Rasan, O Ka'thi
customer",2351
202 ,Sadiqun Movement,85 ,,Party,Baghdad,,"   female
 ","Sahar Hasir and Hassan Habib are the cere-
mony.",2352
202 ,Sadiqun Movement,86 ,,Party,Baghdad,,Male,"Muhammad Kazim Ghulam Abd Ali
al-Ka'thi",2353
202 ,Sadiqun Movement,87 ,,Party,Baghdad,,"   female
 ",Nourjil Mohammed Badai Al-Saadi,2354
202 ,Sadiqun Movement,88 ,,Party,Baghdad,,"   female
 ",Amal Hamid Abdel Nazal Al-Shuwaili,2355
202 ,Sadiqun Movement,89 ,,Party,Baghdad,,Male,"Wasam Ali Abdul Haseer N Yasser
N Al-Jabouri",2356
202 ,Sadiqun Movement,90 ,,Party,Baghdad,,"   female
 ",Fatima Aris Sultan Awda Al Fadhli,2357
202 ,Sadiqun Movement,91 ,,Party,Baghdad,,Male,Ahmed Abbas Khadir Jameel Al-Janani,2358
202 ,Sadiqun Movement,92 ,,Party,Baghdad,,Male,Maytham Imran Jawad Darwish Al-Aswad,2359
202 ,Sadiqun Movement,93 ,,Party,Baghdad,,Male,"Leave me alone, Sakban Shahab
Al-Atani",2360
202 ,Sadiqun Movement,94 ,,Party,Baghdad,,Male,Raed Abdul-Kazem Khalaf Halhil Al-Saadi,2361
202 ,Sadiqun Movement,95 ,,Party,Baghdad,,Male,"Asaad Abdul Redha Jader Badri
Al-Marianini",2362
202 ,Sadiqun Movement,96 ,,Party,Baghdad,,Male,Ali Karim Nasser Latif Al-Tamimi,2363
202 ,Sadiqun Movement,97 ,,Party,Baghdad,,Male,Nabil Saeb Ali Sadiq Al-Araji,2364
202 ,Sadiqun Movement,98 ,,Party,Baghdad,,Male,Malik Fadhel Saleh Salman Al-Muhammadi,2365
202 ,Sadiqun Movement,99 ,,Party,Baghdad,,Male,Riyadh Rabie Abdul Muzan Al-Saadi,2366
202 ,Sadiqun Movement,100 ,,Party,Baghdad,,Male,"Wissam Hassir instead of Haydan Al-Zaair Hay-
dan",2367
202 ,Sadiqun Movement,101 ,,Party,Baghdad,,Male,احمد حسيرن تالیي غالیي البديري,2368
202 ,Sadiqun Movement,102 ,,Party,Baghdad,,Male,Mohammed Abdul-Zaid Rashid Daham Al-Nadawi,2369
202 ,Sadiqun Movement,103 ,,Party,Baghdad,,Male,Ali Mus Jawad Kazim Al-Kadhim,2370
202 ,Sadiqun Movement,104 ,,Party,Baghdad,,Male,Hamid Rasan Lafta Znad Al-Saeedi,2371
202 ,Sadiqun Movement,105 ,,Party,Baghdad,,"   female
 ",Alaa Mohsen Mohammed Sayer Al Shamri,2372
202 ,Sadiqun Movement,106 ,,Party,Baghdad,,Male,Raed Fadel Khaled Hassoun Al-Qaisi,2373
202 ,Sadiqun Movement,107 ,,Party,Baghdad,,Male,"Mohammed Abdel Hassir forearm ges-
ture",2374
202 ,Sadiqun Movement,108 ,,Party,Baghdad,,"   female
 ","Nour Hamza Rasn Y Faleh Al-
Furaiji",2375
202 ,Sadiqun Movement,109 ,,Party,Baghdad,,Male,Asaad Abdul Musa Hadim Al-Adhari,2376
202 ,Sadiqun Movement,110 ,,Party,Baghdad,,Male,Mazen Faisal Dhari Jassim Al-Shabli,2377
202 ,Sadiqun Movement,111 ,,Party,Baghdad,,Male,"Shakersneed Abdulhassir Muhammad Al-
Jalirni",2378
202 ,Sadiqun Movement,112 ,,Party,Baghdad,,"   female
 ",Lamis Abdul-Ilah Fakher Jaber Al-Khazali,2379
202 ,Sadiqun Movement,113 ,,Party,Baghdad,,Male,Issa Abdul Khadhan Saheb Matar Al-Awadi,2380
202 ,Sadiqun Movement,114 ,,Party,Baghdad,,"   female
 ","    The beds of Shahab Ahmed Abbas
                      Al-Samarani",2381
202 ,Sadiqun Movement,115 ,,Party,Baghdad,,"   female
 ",      Duaa Abdel Wahid Jafar Sankour Al-Batbuti,2382
202 ,Sadiqun Movement,116 ,,Party,Baghdad,,"   female
 ", Raja Saadi Lafta Mus Al-Badr,2383
202 ,Sadiqun Movement,117 ,,Party,Baghdad,,Male,    Zaidoun Khalaf Karimd Dhabil Al-Saedi,2384
202 ,Sadiqun Movement,118 ,,Party,Baghdad,,Male,  Hassan Qasim Karim Hassan Al-Dunya,2385
202 ,Sadiqun Movement,119 ,,Party,Baghdad,,Male,    Ali Jassim Mohammed Mutlaq Juwayawi,2386
202 ,Sadiqun Movement,120 ,,Party,Baghdad,,Male,    Nadyounis Fawaz non-defensive,2387
202 ,Sadiqun Movement,121 ,,Party,Baghdad,,Male,"    Asaad Fadel, may God have mercy on my
                              family",2388
202 ,Sadiqun Movement,122 ,,Party,Baghdad,,Male,    Khaled Jassim Mohammed Salman Al-Saedi,2389
202 ,Sadiqun Movement,123 ,,Party,Baghdad,,Male," Rahim Adai Desrar Sabit Al-
                 Bahadli",2390
202 ,Sadiqun Movement,124 ,,Party,Baghdad,,Male,"Ahmed Saleh Mahdi Moham-
          med Al-Shaibani",2391
202 ,Sadiqun Movement,125 ,,Party,Baghdad,,Male,"    Ahmed Shihab Ahmed Must-
                afa Al-Rubaie",2392
202 ,Sadiqun Movement,126 ,,Party,Baghdad,,"   female
 ",Mai Jassim Nasser Ghanem Al-Saedi,2393
202 ,Sadiqun Movement,127 ,,Party,Baghdad,,Male,"Qais KhalafAlwan Hasir N       Al-
Khazali",2394
202 ,Sadiqun Movement,128 ,,Party,Baghdad,,Male,Muqdad Azab Mahdi Jabbar Al-Saadi,2395
202 ,Sadiqun Movement,129 ,,Party,Baghdad,,Male,"Karim Abdul Ali Hasiran Al-
Tamimi",2396
202 ,Sadiqun Movement,130 ,,Party,Baghdad,,Male,Abbas Raad Nouri Muhammad Al-Sultan,2397
202 ,Sadiqun Movement,131 ,,Party,Baghdad,,Male,Baha' al-Din Salah Sabbar Farhan al-Sa'idi,2398
202 ,Sadiqun Movement,132 ,,Party,Baghdad,,"   female
 ",Hoda Ahmed Ramadan Ahmed Al-Jilawi,2399
202 ,Sadiqun Movement,133 ,,Party,Baghdad,,"   female
 ",Bidā ’ NasifJassim Haider al-Tammīmīyī,2400
202 ,Sadiqun Movement,134 ,,Party,Baghdad,,Male,Haider Salam Qasim Jalab Al-Saadi,2401
202 ,Sadiqun Movement,135 ,,Party,Baghdad,,"   female
 ",Aseel Abdul Karim Abdul Wahab Ibrahim Al-Obaidi,2402
202 ,Sadiqun Movement,136 ,,Party,Baghdad,,"   female
 ","   Zainab Juma Hasir Salman Al-
                     Sudani",2403
202 ,Sadiqun Movement,139 ,,Party,Baghdad,,Male,      Aoun Haidar Eidan Abdul Lami,2404
206 ,"Civil Democratic Allia-
nce",1 ,,Alliance,Baghdad,,Male," Ali Kazim Aziz Salman Al-Rafi'
                         i",2405
206 ,"Civil Democratic Allia-
nce",2 ,,Alliance,Baghdad,,"   female
 ","      Flowers by Hasir Saleh Mahdi Al-
                          Rubaie",2406
206 ,"Civil Democratic Allia-
nce",3 ,,Alliance,Baghdad,,Male,Hussam al-Din Muhammad Hasan Alwan al-Zaidi,2407
206 ,"Civil Democratic Allia-
nce",4 ,,Alliance,Baghdad,,Male,عقيل كاظم مسلم جي التميمیي,2408
206 ,"Civil Democratic Allia-
nce",5 ,,Alliance,Baghdad,,Male,Salah Mujbil Taher Al-Bouali,2409
206 ,"Civil Democratic Allia-
nce",6 ,,Alliance,Baghdad,,Male,Masoud Rustum Hamadi Fayyad Al-Rawajih,2410
206 ,"Civil Democratic Allia-
nce",7 ,,Alliance,Baghdad,,Male,Falah Aziz Mahdi Abdul-Abidi,2411
206 ,"Civil Democratic Allia-
nce",8 ,,Alliance,Baghdad,,"   female
 ",Enas Abdel Abbas Rahim Wadi Al-Fartousi,2412
206 ,"Civil Democratic Allia-
nce",9 ,,Alliance,Baghdad,,Male,Hussam Ahmed Haseer N Abbas Al-Ghalay,2413
206 ,"Civil Democratic Allia-
nce",10 ,,Alliance,Baghdad,,Male,"Faisal Abdullah Badraday Al-Ajrsar
Y",2414
206 ,"Civil Democratic Allia-
nce",11 ,,Alliance,Baghdad,,"   female
 ",Zainab Yas Noman Qaddouri Al-Abidi,2415
206 ,"Civil Democratic Allia-
nce",12 ,,Alliance,Baghdad,,Male,"Yasser N Ali Hamid Jassim Al-
Kubaisi",2416
206 ,"Civil Democratic Allia-
nce",13 ,,Alliance,Baghdad,,Male,Yousuf Zahir Mansoor Zia Hindu,2417
206 ,"Civil Democratic Allia-
nce",14 ,,Alliance,Baghdad,,"   female
 ","Shah Hiran Rahmat Ahmad Abdullah
Baban",2418
206 ,"Civil Democratic Allia-
nce",15 ,,Alliance,Baghdad,,Male,"Wael Mohammed Abdul Hassan Ali Al-
Masari",2419
206 ,"Civil Democratic Allia-
nce",16 ,,Alliance,Baghdad,,Male,Hassan Najm Mohammed Hassoun Al Shamri,2420
206 ,"Civil Democratic Allia-
nce",17 ,,Alliance,Baghdad,,Male,Haider Abdul Majeed Mutawaq Muhammad Ali Al-Rubaie,2421
206 ,"Civil Democratic Allia-
nce",18 ,,Alliance,Baghdad,,"   female
 ",Noura Aqil Haseer N Maan Al-Furaiji,2422
206 ,"Civil Democratic Allia-
nce",19 ,,Alliance,Baghdad,,"   female
 ","Anwar Jameel Bathin Y Georges
Short",2423
206 ,"Civil Democratic Allia-
nce",20 ,,Alliance,Baghdad,,"   female
 ",Samira Nasser Mazban Ali Al-Khafaji,2424
206 ,"Civil Democratic Allia-
nce",21 ,,Alliance,Baghdad,,Male,Mahmoud Shaker Hamad Mataradhiya,2425
206 ,"Civil Democratic Allia-
nce",22 ,,Alliance,Baghdad,,Male,Mohammed Aboud Saad Joda Al-Saedi,2426
206 ,"Civil Democratic Allia-
nce",23 ,,Alliance,Baghdad,,"   female
 ",Hana Najm Abdullah Rayhan Al-Zaidi,2427
206 ,"Civil Democratic Allia-
nce",24 ,,Alliance,Baghdad,,Male,Ahmed Dahamktish Ali Al-Azzawi,2428
206 ,"Civil Democratic Allia-
nce",25 ,,Alliance,Baghdad,,Male,"Walid Khadir Kazim Ali Al-
Jahsari",2429
206 ,"Civil Democratic Allia-
nce",26 ,,Alliance,Baghdad,,Male,"Ghazi Abdel Hadi Rasan Hassan
Al-Sudani",2430
206 ,"Civil Democratic Allia-
nce",27 ,,Alliance,Baghdad,,"   female
 ",Sarah Razaq Fadel Abdullah Al-Dani,2431
206 ,"Civil Democratic Allia-
nce",28 ,,Alliance,Baghdad,,"   female
 ","Hanan Hasiran Mahdi Dawood Al-
Omair Y",2432
206 ,"Civil Democratic Allia-
nce",29 ,,Alliance,Baghdad,,Male,"Yaqoub Youssef Abdullah Abdel-
Anni",2433
206 ,"Civil Democratic Allia-
nce",30 ,,Alliance,Baghdad,,Male,Taha Nofan Dakhil Tarshan Al-Jabouri,2434
206 ,"Civil Democratic Allia-
nce",31 ,,Alliance,Baghdad,,"   female
 ",Zainab Hadi Jabarsalom Sdawi,2435
206 ,"Civil Democratic Allia-
nce",32 ,,Alliance,Baghdad,,Male,Ismail Khalil Ismail Abdul Haseer N Al-Khafaji,2436
206 ,"Civil Democratic Allia-
nce",33 ,,Alliance,Baghdad,,Male,Ahmed Kazem Askar Ayed Al-Khafaji,2437
206 ,"Civil Democratic Allia-
nce",34 ,,Alliance,Baghdad,,"   female
 ",Sari Shaker Kazim Abdul Ali Al-Banna,2438
206 ,"Civil Democratic Allia-
nce",36 ,,Alliance,Baghdad,,Male,Hadi Mohammed Jiyad Latif Janani,2439
206 ,"Civil Democratic Allia-
nce",37 ,,Alliance,Baghdad,,Male,Ather Raad Qasim Jaafar Al-Himir Y,2440
206 ,"Civil Democratic Allia-
nce",38 ,,Alliance,Baghdad,,Male,Saif Abdul Jalil Kamel Noman Al-Alusi,2441
206 ,"Civil Democratic Allia-
nce",39 ,,Alliance,Baghdad,,Male,Abdullah Shaker Ahmed Mataradhiya,2442
206 ,"Civil Democratic Allia-
nce",41 ,,Alliance,Baghdad,,"   female
 ",Maryam Salah Ahmed Alawi Al-Shammari,2443
206 ,"Civil Democratic Allia-
nce",42 ,,Alliance,Baghdad,,Male,"Saleh Mahdi Saleh Mahmoud Al-
Mashhadani",2444
207 ,"Reconstruction and Development Coali-
tion",1 ,,Alliance,Baghdad,,Male,"Mohammed Shia Sabraha-
tim Al-Sudani",2445
207 ,"Reconstruction and Development Coali-
tion",2 ,,Alliance,Baghdad,,Male,"Jabbar Farah Abbas Jassim
Al-Kanani",2446
207 ,"Reconstruction and Development Coali-
tion",3 ,,Alliance,Baghdad,,Male,"Mohammed Saadoun Hatem Sayhoud
Al-Sudani",2447
207 ,"Reconstruction and Development Coali-
tion",4 ,,Alliance,Baghdad,,"   female
 ",Hiam Aboudkadhim Fatlawi Al-Yasiri,2448
207 ,"Reconstruction and Development Coali-
tion",5 ,,Alliance,Baghdad,,Male,Ahmed Jassim Saber Mohammed Al-Asadi,2449
207 ,"Reconstruction and Development Coali-
tion",6 ,,Alliance,Baghdad,,Male,"Nouri Sabah Hamid Abtan Al-
Alwani",2450
207 ,"Reconstruction and Development Coali-
tion",7 ,,Alliance,Baghdad,,Male,Firas Rahim Majishmishloum Al-Baydani,2451
207 ,"Reconstruction and Development Coali-
tion",8 ,,Alliance,Baghdad,,"   female
 ",Alia Nassif Jassim Aziz,2452
207 ,"Reconstruction and Development Coali-
tion",9 ,,Alliance,Baghdad,,Male,Haidar Nouri Jim Hassan Al-Omar,2453
207 ,"Reconstruction and Development Coali-
tion",10 ,,Alliance,Baghdad,,Male,Baha Hasir N        Ali Kamal Al-Araji,2454
207 ,"Reconstruction and Development Coali-
tion",11 ,,Alliance,Baghdad,,Male,Mohammed Jabbar Hasan Al-Shammari,2455
207 ,"Reconstruction and Development Coali-
tion",12 ,,Alliance,Baghdad,,"   female
 ",Sarah Ayad Hashem Haseer N Alawi,2456
207 ,"Reconstruction and Development Coali-
tion",13 ,,Alliance,Baghdad,,Male,Hasirn Habib Jassim Hassan Al-Azrijawi,2457
207 ,"Reconstruction and Development Coali-
tion",14 ,,Alliance,Baghdad,,Male,Haider Hamid Sabbar Nasser Al-Muhayawi,2458
207 ,"Reconstruction and Development Coali-
tion",15 ,,Alliance,Baghdad,,Male,Mahdi Karim Saleh Mahdi Al-Hakak,2459
207 ,"Reconstruction and Development Coali-
tion",16 ,,Alliance,Baghdad,,"   female
 ","Mahdia Abdul Hassan Sh-
anari Al-Lami",2460
207 ,"Reconstruction and Development Coali-
tion",17 ,,Alliance,Baghdad,,Male,"Hasirn Saeed Kazim Ali Al-
Rubaie",2461
207 ,"Reconstruction and Development Coali-
tion",18 ,,Alliance,Baghdad,,Male,"Alaa Sakr Sarhan Jarallah Adel-
fin Y",2462
207 ,"Reconstruction and Development Coali-
tion",19 ,,Alliance,Baghdad,,Male,"Qusay Hasiran Ali Muhammad Mah-
bouba",2463
207 ,"Reconstruction and Development Coali-
tion",20 ,,Alliance,Baghdad,,"   female
 ",     Suhaila Muslim Kazim Mohammed Al-Saedi,2464
207 ,"Reconstruction and Development Coali-
tion",21 ,,Alliance,Baghdad,,Male,      Hisham Abdulmalik Ali Suhail,2465
207 ,"Reconstruction and Development Coali-
tion",22 ,,Alliance,Baghdad,,Male,Adnan Jabbar Sajn Y Saleh Al-Shahmanni,2466
207 ,"Reconstruction and Development Coali-
tion",23 ,,Alliance,Baghdad,,Male,"Saeb Khalaf, the owner of Awfni Al-
Hajjam",2467
207 ,"Reconstruction and Development Coali-
tion",24 ,,Alliance,Baghdad,,"   female
 ",فاتن مجي محسن حسن القرغولیي,2468
207 ,"Reconstruction and Development Coali-
tion",25 ,,Alliance,Baghdad,,Male,Ali Faisal Fahd Fayyadh Al-Fayyadh,2469
207 ,"Reconstruction and Development Coali-
tion",26 ,,Alliance,Baghdad,,Male,"Hassaniran Qasim Muhammad KhalafAl-
Khafaji",2470
207 ,"Reconstruction and Development Coali-
tion",27 ,,Alliance,Baghdad,,Male,Taher Hafiz Maji Mohammed Al-Difai,2471
207 ,"Reconstruction and Development Coali-
tion",28 ,,Alliance,Baghdad,,"   female
 ",Aida Ibrahim Ali Murad,2472
207 ,"Reconstruction and Development Coali-
tion",29 ,,Alliance,Baghdad,,Male,"Completely stubborn, sad, and lazy",2473
207 ,"Reconstruction and Development Coali-
tion",30 ,,Alliance,Baghdad,,Male," Arkan Shahab Ahmed Ka-
         zem Al-Shaibani",2474
207 ,"Reconstruction and Development Coali-
tion",31 ,,Alliance,Baghdad,,Male,Haider Mohammed Jather Mutlaq Al-Salman,2475
207 ,"Reconstruction and Development Coali-
tion",32 ,,Alliance,Baghdad,,"   female
 ",Amira Khader Abbas Ali Ablai,2476
207 ,"Reconstruction and Development Coali-
tion",33 ,,Alliance,Baghdad,,Male,Abbas Hasir N       Saleh Jafar Saleh,2477
207 ,"Reconstruction and Development Coali-
tion",34 ,,Alliance,Baghdad,,Male,Haider Abdulkadhim Naima Sahi,2478
207 ,"Reconstruction and Development Coali-
tion",35 ,,Alliance,Baghdad,,Male,Amr Daoud Ibrahim Sarr Yif,2479
207 ,"Reconstruction and Development Coali-
tion",36 ,,Alliance,Baghdad,,"   female
 ","Mohammed Hassan Hassoub Dolphin
City",2480
207 ,"Reconstruction and Development Coali-
tion",37 ,,Alliance,Baghdad,,Male,Abdul Karim Abis Fahd plows,2481
207 ,"Reconstruction and Development Coali-
tion",38 ,,Alliance,Baghdad,,Male, Ahmed Hadi Abdul Shalal Al-Akthi,2482
207 ,"Reconstruction and Development Coali-
tion",39 ,,Alliance,Baghdad,,Male, Fadhel Ali Abdul Hassan Al-Anbari,2483
207 ,"Reconstruction and Development Coali-
tion",40 ,,Alliance,Baghdad,,"   female
 ",Spectra of Hassan Mohammed Salman Al-Dawudi,2484
207 ,"Reconstruction and Development Coali-
tion",41 ,,Alliance,Baghdad,,Male,Alaa Rahim Kazim Sanid,2485
207 ,"Reconstruction and Development Coali-
tion",42 ,,Alliance,Baghdad,,Male,Mishri Qadhim Salih Muzan Friji,2486
207 ,"Reconstruction and Development Coali-
tion",43 ,,Alliance,Baghdad,,Male,"Omar Adel Abdel Wahid Abdel Hussein Al-
Sharif",2487
207 ,"Reconstruction and Development Coali-
tion",44 ,,Alliance,Baghdad,,"   female
 ",Khadija Hassan Jassim Ibrahim Al-Mashhadani,2488
207 ,"Reconstruction and Development Coali-
tion",45 ,,Alliance,Baghdad,,Male,Falah Jabbarbadan Musa Al-Saadi,2489
207 ,"Reconstruction and Development Coali-
tion",46 ,,Alliance,Baghdad,,Male,Mohammed Othman Ismail Mustafa Saleh,2490
207 ,"Reconstruction and Development Coali-
tion",47 ,,Alliance,Baghdad,,Male,"Jassim Mohan Abdul Khamat
Al-Bukhanri",2491
207 ,"Reconstruction and Development Coali-
tion",48 ,,Alliance, Baghdad,,"female
 ",Sadeq Jalab grater instead,2492
207 ,"Reconstruction and Development Coali-
tion",49 ,,Alliance, Baghdad,,Male,"Hasir N        Fouad Hassan Abdel Hadi Al-
Energy",2493
207 ,"Reconstruction and Development Coali-
tion",50 ,,Alliance, Baghdad,,Male,Hamad Yasser Mohsen Ghaleb Al-Moussawi,2494
207 ,"Reconstruction and Development Coali-
tion",51 ,,Alliance, Baghdad,,Male,Hassan Ali Sayed Habash Al-Daraji,2495
207 ,"Reconstruction and Development Coali-
tion",52 ,,Alliance, Baghdad,,"female
 ",Venus Saadoun Khalil Waliy Al-Bawi,2496
207 ,"Reconstruction and Development Coali-
tion",53 ,,Alliance, Baghdad,,Male,Falah Hassan Yasser N Yousef Al-Moussawi,2497
207 ,"Reconstruction and Development Coali-
tion",54 ,,Alliance, Baghdad,,Male,"Wael Saddam, may God have mercy on him, Azizi
Al-Moussawi",2498
207 ,"Reconstruction and Development Coali-
tion",55 ,,Alliance, Baghdad,,Male,Ibrahim Muhammad Abbas Faraj Al-Sumaidaie,2499
207 ,"Reconstruction and Development Coali-
tion",57 ,,Alliance, Baghdad          ي,,"female
الغیر عباس","
اسماء عبد ترکیي",2500
207 ,"Reconstruction and Development Coali-
tion",58 ,,Alliance, Baghdad,,Male,Saeed Aboud Ali Suwadi Al-Furaiji,2501
207 ,"Reconstruction and Development Coali-
tion",59 ,,Alliance, Baghdad,,Male,Salman Mohsen Salman Issa Maksousi,2502
207 ,"Reconstruction and Development Coali-
tion",60 ,,Alliance, Baghdad,,Male,Yasser Alaa Black Abdel Karoui,2503
207 ,"Reconstruction and Development Coali-
tion",61 ,,Alliance, Baghdad,,"female
 ","Firdaws Muhammad Salman Muhammad Ali
Al-Attar",2504
207 ,"Reconstruction and Development Coali-
tion",62 ,,Alliance, Baghdad,,Male,Haider Ali KhalafMajeed Al-Khalifa,2505
207 ,"Reconstruction and Development Coali-
tion",63 ,,Alliance, Baghdad,,Male,"Ali Abdul Amir Joji is sad about my
mother",2506
207 ,"Reconstruction and Development Coali-
tion",64 ,,Alliance, Baghdad,,Male,Haider Asaad Mahdi Saleh Al-Rajanri,2507
207 ,"Reconstruction and Development Coali-
tion",65 ,,Alliance, Baghdad,,"female
 ",Zainab Qasim Ali Muhammad Al-Mashat,2508
207 ,"Reconstruction and Development Coali-
tion",66 ,,Alliance, Baghdad,,Male,Qasim Hasirn Marouh Nasser Al-Hair Ari,2509
207 ,"Reconstruction and Development Coali-
tion",67 ,,Alliance, Baghdad,,Male,Falah Hassan Abdullah Musa,2510
207 ,"Reconstruction and Development Coali-
tion",68 ,,Alliance, Baghdad,,Male,Yaqoub Youssef Maji Ali Al-Bukhari,2511
207 ,"Reconstruction and Development Coali-
tion",69 ,,Alliance, Baghdad,,"female
 ","Praise be to God, I am very happy",2512
207 ,"Reconstruction and Development Coali-
tion",70 ,,Alliance, Baghdad,,Male,Zain Al-Abidin Hashim Abd Hassoun,2513
207 ,"Reconstruction and Development Coali-
tion",71 ,,Alliance, Baghdad,,Male,"Diaa Shaghanari Kazim Jial-
zaidi",2514
207 ,"Reconstruction and Development Coali-
tion",72 ,,Alliance, Baghdad,,Male,Issam Meksheesh Kadhim Abdel,2515
207 ,"Reconstruction and Development Coali-
tion",73 ,,Alliance, Baghdad,,"female
 ",Thabat Juma Abdul Hassan Al-Miyaji,2516
207 ,"Reconstruction and Development Coali-
tion",74 ,,Alliance, Baghdad,,Male,Majed Hasir Hatem Mohsen Al-Kurji,2517
207 ,"Reconstruction and Development Coali-
tion",75 ,,Alliance, Baghdad,,Male,"Ahmed Sajit, stubborn, Hassan Al-Shar,
Hani",2518
207 ,"Reconstruction and Development Coali-
tion",76 ,,Alliance, Baghdad,,Male,Ali Anhirabadhina Mohsen Al Saray,2519
207 ,"Reconstruction and Development Coali-
tion",77 ,,Alliance,Baghdad,,"   female
 ","Narrated by Hasir Na'ali Rukan al-
Jaddadi",2520
207 ,"Reconstruction and Development Coali-
tion",78 ,,Alliance,Baghdad,,Male,"Shahab Ahmed Sh-
afan Y Azm",2521
207 ,"Reconstruction and Development Coali-
tion",79 ,,Alliance,Baghdad,,Male,"Ahmed Salam, I have a cold on
the crosser",2522
207 ,"Reconstruction and Development Coali-
tion",80 ,,Alliance,Baghdad,,Male,"In the name of Shamran Hasir N
Ali Al-Attiyah",2523
207 ,"Reconstruction and Development Coali-
tion",81 ,,Alliance,Baghdad,,"   female
 ",Shaima Mohsen Ali Sajit Al-Atwani,2524
207 ,"Reconstruction and Development Coali-
tion",82 ,,Alliance,Baghdad,,Male,AmarmzharAbduljalil Abdul Karim Alqargholiyi,2525
207 ,"Reconstruction and Development Coali-
tion",83 ,,Alliance,Baghdad,,Male,Qasim Faraj Saleh Ramli Al-Badri,2526
207 ,"Reconstruction and Development Coali-
tion",84 ,,Alliance,Baghdad,,Male,Ahmed Mekki Ibrahim Hamed Al-Abousi,2527
207 ,"Reconstruction and Development Coali-
tion",85 ,,Alliance,Baghdad,,"   female
 ",Investigation by Mahdi Alwan Al-Fadhli,2528
207 ,"Reconstruction and Development Coali-
tion",86 ,,Alliance,Baghdad,,Male,Student Rahim Abdul Shatab,2529
207 ,"Reconstruction and Development Coali-
tion",87 ,,Alliance,Baghdad,,Male,Adnan Maji Jassim Hamoud Al-Saadi,2530
207 ,"Reconstruction and Development Coali-
tion",88 ,,Alliance,Baghdad,,Male,"Issa Ali Hasir N       Shabib Fa-
rtosi",2531
207 ,"Reconstruction and Development Coali-
tion",89 ,,Alliance,Baghdad,,"   female
 ","Ayat Adham Haseer N Mahmoud Al-Sourmir
Y",2532
207 ,"Reconstruction and Development Coali-
tion",90 ,,Alliance,Baghdad,,Male,Amer Shnoon Karim Haseer N Al-Saedi,2533
207 ,"Reconstruction and Development Coali-
tion",91 ,,Alliance,Baghdad,,Male,Mohammed Hassan Saeed Amirn Draji,2534
207 ,"Reconstruction and Development Coali-
tion",92 ,,Alliance,Baghdad,,Male,"Mustafa Abdul Karim Mazban
Tola Al-Rubaie",2535
207 ,"Reconstruction and Development Coali-
tion",93 ,,Alliance,Baghdad,,"   female
 ",Planets Najmuddin Abdullah Muhammad al-Jabouri,2536
207 ,"Reconstruction and Development Coali-
tion",94 ,,Alliance,Baghdad,,Male,Ali Kazim Hassan Barsh Al-Attiyah,2537
207 ,"Reconstruction and Development Coali-
tion",95 ,,Alliance,Baghdad,,Male,Sadiq Talal Binyan Fayyad Al-Daraji,2538
207 ,"Reconstruction and Development Coali-
tion",96 ,,Alliance,Baghdad,,Male,Adnan Mohsen Thajil Abbas,2539
207 ,"Reconstruction and Development Coali-
tion",97 ,,Alliance,Baghdad,,"   female
 ","Marwa Abdel Moneim Hassan Ali Al-
Akeili",2540
207 ,"Reconstruction and Development Coali-
tion",98 ,,Alliance,Baghdad,,Male,Alaa Haseer N Abdulkadhim Brij Al-Alwan,2541
207 ,"Reconstruction and Development Coali-
tion",99 ,,Alliance,Baghdad,,Male,Maytham Abdulkadhim Jawad Haider,2542
207 ,"Reconstruction and Development Coali-
tion",100 ,,Alliance,Baghdad,,Male,Hakim Shakerflih Jaafar Al-Gharawi,2543
207 ,"Reconstruction and Development Coali-
tion",101 ,,Alliance,Baghdad,,"   female
 ",Suad Jabbar Tahir Ali Al-Muqaddadi,2544
207 ,"Reconstruction and Development Coali-
tion",102 ,,Alliance,Baghdad,,Male,Jaber Abdul Khaji Hamad,2545
207 ,"Reconstruction and Development Coali-
tion",103 ,,Alliance,Baghdad,,Male,Issa Imran Musa Attia Al-Askari,2546
207 ,"Reconstruction and Development Coali-
tion",104 ,,Alliance,Baghdad,,Male,Haider Kamel Hanoun Kazem Al-Daraji,2547
207 ,"Reconstruction and Development Coali-
tion",105 ,,Alliance,Baghdad,,"   female
 ","     Shaima Mahmoud Ali Karim
               Al-Hamir I am",2548
207 ,"Reconstruction and Development Coali-
tion",106 ,,Alliance,Baghdad,,Male,"  Haider Ali Duair Khalaf Hasir N        Al-
                             Baydani",2549
207 ,"Reconstruction and Development Coali-
tion",107 ,,Alliance,Baghdad,,Male,"Riyadh Younis Jassim and Nini Al-
Hamidawi",2550
207 ,"Reconstruction and Development Coali-
tion",108 ,,Alliance,Baghdad,,Male,Khaled Walid Saber Abdel Salam,2551
207 ,"Reconstruction and Development Coali-
tion",109 ,,Alliance,Baghdad,,"   female
 ",Raghad Muhand Majeed Hamid,2552
207 ,"Reconstruction and Development Coali-
tion",110 ,,Alliance,Baghdad,,Male,Haider Saleh Sholiyi الحنظلىي حنظل,2553
207 ,"Reconstruction and Development Coali-
tion",111 ,,Alliance,Baghdad,,Male,Alaa Hamoudi Jassim Hamoud Al-Jubouri,2554
207 ,"Reconstruction and Development Coali-
tion",112 ,,Alliance,Baghdad,,Male,"  Hasir N       Muhammad Ali Manaf Abdul
                Hasir N       Al-Tahhan",2555
207 ,"Reconstruction and Development Coali-
tion",113 ,,Alliance,Baghdad,,"   female
 ",Baraa Muwaffaq Ayesh Mahmoud,2556
207 ,"Reconstruction and Development Coali-
tion",114 ,,Alliance,Baghdad,,Male,    Haider Salah Khazal Abbas Al-Khayat,2557
207 ,"Reconstruction and Development Coali-
tion",115 ,,Alliance,Baghdad,,Male,"    Mamoul Abdul Rahman Jameel Dar-
                    wish Al-Nisani",2558
207 ,"Reconstruction and Development Coali-
tion",116 ,,Alliance,Baghdad,,Male,Mohsen Finjan Sultan Al-Aboudi Treatment,2559
207 ,"Reconstruction and Development Coali-
tion",117 ,,Alliance,Baghdad,,"   female
 ",Israa Attia Madlul Hamoud Al-Saedi,2560
207 ,"Reconstruction and Development Coali-
tion",118 ,,Alliance,Baghdad,,Male,Ali Muhammad Faris Imran Maamouri,2561
207 ,"Reconstruction and Development Coali-
tion",119 ,,Alliance,Baghdad,,"   female
 ","Mayada Awda, Ne'ma Halil Al-Hamidawi",2562
207 ,"Reconstruction and Development Coali-
tion",120 ,,Alliance,Baghdad,,Male,Hello Ghazi Karim Abbas,2563
207 ,"Reconstruction and Development Coali-
tion",121 ,,Alliance,Baghdad,,"   female
 ",Rasha Awda Lafta Faraj Al-Amiri,2564
207 ,"Reconstruction and Development Coali-
tion",122 ,,Alliance,Baghdad,,Male,Naeem Hatwa Ahmed Karam Al-Naji,2565
207 ,"Reconstruction and Development Coali-
tion",123 ,,Alliance,Baghdad,,Male,Khaled Ajil Mufer N Abdul Gharibawi,2566
207 ,"Reconstruction and Development Coali-
tion",124 ,,Alliance,Baghdad,,Male,Balsam Baqer KhalafKaram Allah Al-Saedi,2567
207 ,"Reconstruction and Development Coali-
tion",125 ,,Alliance,Baghdad,,"   female
 ",Heba Mohsen Muhammad Alwan Al-Shamousi,2568
207 ,"Reconstruction and Development Coali-
tion",126 ,,Alliance,Baghdad,,Male,"      Anwar Jafar Mohammad Javad Moh-
                       ammad Hasiran",2569
207 ,"Reconstruction and Development Coali-
tion",127 ,,Alliance,Baghdad,,Male,"     Mu'ayyad Farhan Muhammad Hasiran
                            al-Tamimi",2570
207 ,"Reconstruction and Development Coali-
tion",128 ,,Alliance,Baghdad,,Male, Fahim Mohsen Ali Khalaf,2571
207 ,"Reconstruction and Development Coali-
tion",129 ,,Alliance,Baghdad,,"   female
 ","    Hind Hatem Ali Jassim Al-
                Mashhadani",2572
207 ,"Reconstruction and Development Coali-
tion",130 ,,Alliance,Baghdad,,Male,  Aqil Jiali Hamoud,2573
207 ,"Reconstruction and Development Coali-
tion",131 ,,Alliance,Baghdad,,Male,"     Mohammed Abdullah Khalil Ib-
                rahim Radithin Y",2574
207 ,"Reconstruction and Development Coali-
tion",132 ,,Alliance,Baghdad,,Male,   Ahmed Rahim Ali Press,2575
207 ,"Reconstruction and Development Coali-
tion",133 ,,Alliance,Baghdad,,"   female
 ",Howayda Ismail Ibrahim Khadn Al-Athi,2576
207 ,"Reconstruction and Development Coali-
tion",134 ,,Alliance,Baghdad,,Male,"Mohammed Abdul-Kazem Abdul-Saeed
Al-Akeili",2577
207 ,"Reconstruction and Development Coali-
tion",135 ,,Alliance,Baghdad,,"   female
 ",Shaima Ahmed Shukr Ali Al-Janani,2578
207 ,"Reconstruction and Development Coali-
tion",136 ,,Alliance,Baghdad,,Male,Hassan Halbous Hamza NaseefAl-Shammari,2579
207 ,"Reconstruction and Development Coali-
tion",137 ,,Alliance,Baghdad,,Male,Thaer Abdelkhaleq Jabbar Lazem Al-Sadawi,2580
207 ,"Reconstruction and Development Coali-
tion",138 ,,Alliance,Baghdad,,Male,"Manhal Waad Muhammad Sa-
lih Al-Radithan Y",2581
207 ,"Reconstruction and Development Coali-
tion",139 ,,Alliance,Baghdad,,"   female
 ",Iman Saddam Subh Abdullah Al-Hallaf,2582
209 ,Rescuers,1 ,,Party,Baghdad,,Male,محمد توفيق حسيرن علاوي علاوي,2583
209 ,Rescuers,2 ,,Party,Baghdad,,Male,"Mustafa Salman Jassim Mohammed Al-
Jabouri",2584
209 ,Rescuers,3 ,,Party,Baghdad,,Male,Amer Khalil Mohammed Jassim Al-Qaisi,2585
209 ,Rescuers,4 ,,Party,Baghdad,,"   female
 ",Enfal Ezz El-Din Matar Abdel Karim Al-Khatib,2586
209 ,Rescuers,5 ,,Party,Baghdad,,Male,"The singer Abdul Latif Muhammad, the singer of the beloved",2587
209 ,Rescuers,6 ,,Party,Baghdad,,Male,Karim Qasim Ali Muhammad al-Tamimi,2588
209 ,Rescuers,7 ,,Party,Baghdad,,Male,Ali Karim Khadir Abbas Al-Gharawi,2589
209 ,Rescuers,8 ,,Party,Baghdad,,"   female
 ","Aida Amir Alwan Haseer N Al-
Marsoumi",2590
209 ,Rescuers,9 ,,Party,Baghdad,,Male,"Falah Abdul Hassan Muhan Kh-
afn Y Al-Maliki",2591
209 ,Rescuers,10 ,,Party,Baghdad,,Male,Abbas Fadel Rasn Hafez Al-Tamimi,2592
209 ,Rescuers,11 ,,Party,Baghdad,,Male,"Mustafa Muhammad Waid Mahna
Al-Ghariri",2593
209 ,Rescuers,12 ,,Party,Baghdad,,"   female
 ",Wafaa Abdul-Jabbar Hassan Mahdi Al-Samarani,2594
209 ,Rescuers,13 ,,Party,Baghdad,,Male,Mohammed Abdul Amir Farhan Kazim Al-Muhyawi,2595
209 ,Rescuers,14 ,,Party,Baghdad,,Male,عادل معلك خضير جي الرماجي,2596
209 ,Rescuers,15 ,,Party,Baghdad,,Male,"Ali Karim Faleh is a
customer",2597
209 ,Rescuers,16 ,,Party,Baghdad,,"   female
 ",Yasmine Mohamed Ali Majeed Hassrin Alawi,2598
209 ,Rescuers,17 ,,Party,Baghdad,,Male,Hamed Basharjok Annan,2599
209 ,Rescuers,18 ,,Party,Baghdad,,Male,Atheer Hassan Mohsen Mahmoud Al-Moussawi,2600
209 ,Rescuers,19 ,,Party,Baghdad,,Male,Including Mohsen Hadi Ali Mubarakeh,2601
209 ,Rescuers,20 ,,Party,Baghdad,,"   female
 ",Hamsa Muhammad Ghaib Hadi Al-Khatib,2602
212 ,The National Tribal Current in Iraq,1 ,,Party,Baghdad,,Male,Saadi An'im Thajil Abbas Al-Ka'thi,2603
212 ,The National Tribal Current in Iraq,   2 ,,Party, Baghdad,,"female
 ",Sanaa Saleh Abdul Ali Farhan Al-Ramah,2604
212 ,The National Tribal Current in Iraq,   4 ,,Party, Baghdad,,"female
 ",In'am Kareem Muslih Mohammed Al-Abidi,2605
212 ,The National Tribal Current in Iraq,   5 ,,Party, Baghdad,,Male,Abdulhadi Abdulmonem Hassan Salem Al-Zalmiyi,2606
212 ,The National Tribal Current in Iraq,   6 ,,Party, Baghdad,,Male,"Karar Star Abdul Abdul Haseer N Al-
Zarfat",2607
212 ,The National Tribal Current in Iraq,   8 ,,Party, Baghdad,,"female
 ","Hoda Mohammed Dawood Hasir N
Al-Yasari",2608
212 ,The National Tribal Current in Iraq,   9 ,,Party, Baghdad,,Male,Mahmoud Ismail Yasser N Hamadi Al-Jabouri,2609
212 ,The National Tribal Current in Iraq, 10 ,,Party, Baghdad,,Male,"Mohammed Harzadi Faraj Al-Husaythan
Y",2610
212 ,The National Tribal Current in Iraq, 16 ,,Party, Baghdad,,Male,Samir Shalal Farhan Abdullah Al-Lahithi,2611
212 ,The National Tribal Current in Iraq, 22 ,,Party, Baghdad,,Male,Wassam Karim Salmankam Al-Tamimi,2612
213 ,Al-Fawzakho gathering,   2 ,,Party, Baghdad,,Male,"Abdul Zahra, the owner of Ali Ali Al-Karimawi",2613
213 ,Al-Fawzakho gathering,   4 ,,Party, Baghdad,,"female
 ",India Ahmed Ali Ashour al-Janani,2614
213 ,Al-Fawzakho gathering,   5 ,,Party, Baghdad,,"female
 ",Ekram Abdulaziz Abdulwahab Sabthri Al Aqil,2615
213 ,Al-Fawzakho gathering,   6 ,,Party, Baghdad,,Male,Alaa Kazim Bazm Ali Al-Khafaji,2616
213 ,Al-Fawzakho gathering,   8 ,,Party, Baghdad,,"female
 ",Hala Kamal Ismail Ibrahim Al-Azzawi,2617
213 ,Al-Fawzakho gathering,   9 ,,Party,"
 Baghيdadاشمی",,"
ي الهMمادaleبرح","
وسام هاشم ج",2618
213 ,Al-Fawzakho gathering, 10 ,,Party, Baghdad,,Male,Dusk Udayd Hashim Mahdi Abdul Haseer N,2619
213 ,Al-Fawzakho gathering, 11 ,,Party, Baghdad,,Male,Khaled Ibrahim Jassim Mohammed Al-Douri,2620
213 ,Al-Fawzakho gathering, 12 ,,Party, Baghdad,,"female
 ","Hoda Ghadir Rabah Eid Al-
Salmani",2621
213 ,Al-Fawzakho gathering, 13 ,,Party, Baghdad,,Male,Qais Muhammad Ali Musa al-Mus,2622
213 ,Al-Fawzakho gathering, 14 ,,Party, Baghdad,,Male,"Haider Muhammad Hassan Abdul Ka-
rim Hassanan Al-Hassani",2623
213 ,Al-Fawzakho gathering, 15 ,,Party, Baghdad,,Male,Aziz Kazim Bahrajbal Al-Khazali,2624
213 ,Al-Fawzakho gathering, 16 ,,Party, Baghdad,,"female
 ",Alia Ezzat Majeed Salim Khamis,2625
213 ,Al-Fawzakho gathering, 17 ,,Party, Baghdad,,Male,Star Hasirn Cheap Tamimi Waterfall,2626
213 ,Al-Fawzakho gathering, 18 ,,Party, Baghdad,,Male,Muammal Majeed Hamid Ali Al-Abidi,2627
213 ,Al-Fawzakho gathering, 19 ,,Party, Baghdad,,Male,"Shaker Mahmoud Abdel Karim Abdel Hassir, the muezzin",2628
213 ,Al-Fawzakho gathering, 20 ,,Party, Baghdad,,"female
 ","Jawad Kazem Rasan Jo-
ranani's voice",2629
213 ,Al-Fawzakho gathering, 21 ,,Party, Baghdad,,Male,Saad Abdullah Salim Mutlaq Al-Makasees,2630
213 ,Al-Fawzakho gathering, 22 ,,Party, Baghdad,,Male,Muhammad Abdul Latif Abdul Redha Hamoudi Al-Hakim,2631
213 ,Al-Fawzakho gathering,23 ,,Party,Baghdad,,Male,Amerkhalifa Mahdi Jassim Al-Jubouri,2632
213 ,Al-Fawzakho gathering,24 ,,Party,Baghdad,,Male,Yasser Abbas Hassan Issa Issaoui,2633
213 ,Al-Fawzakho gathering,25 ,,Party,Baghdad,,Male,Louay Mohammed Fakhri Khalil Zainal Oji,2634
215 ,Lawyer Karim Eidan Ali Rajab Al-Jubouri,1 ,,"  Pe-
rson",Baghdad,,Male,Karim Eidhan Ali Rajab Al-Jabouri,2635
218 ,Badr Organization,1 ,,Party,Baghdad,,Male,"Mohammed Salem Abdul Haseer N Abdul Ra-
him Al-Ghaban",2636
218 ,Badr Organization,2 ,,Party,Baghdad,,Male,"Mu'ir N Hamid Abdul Majeed Abdul Alii Al-
Kazemii",2637
218 ,Badr Organization,3 ,,Party,Baghdad,,Male,Muhannad Jabbar Adhab Salem Al-Khazraji,2638
218 ,Badr Organization,4 ,,Party,Baghdad,,"   female
 ",Madiha Hassan Adheeb Dabs Maksousi,2639
218 ,Badr Organization,5 ,,Party,Baghdad,,Male,محمد مهاوي بدن منادي الشويلىي                	,2640
218 ,Badr Organization,6 ,,Party,Baghdad,,Male,خضير عباس ثويثني عمار الاماره,2641
218 ,Badr Organization,7 ,,Party,Baghdad,,Male,Abdul Karim Hamid Hassan Aloush Al-Amiri,2642
218 ,Badr Organization,8 ,,Party,Baghdad,,"   female
 ","Wajdan Zghair Sajn Y Abdullah Miyah
Akili",2643
218 ,Badr Organization,9 ,,Party,Baghdad,,Male,"Loyalty Kazim Abdul Redha Salem
Al-Jirn I am",2644
218 ,Badr Organization,10 ,,Party,Baghdad,,Male,"Ali Muhammad Tafar, my friend
Tafar",2645
218 ,Badr Organization,11 ,,Party,Baghdad,,Male,Khaled Hamed Nasser Jaber Al-Bofradi,2646
218 ,Badr Organization,12 ,,Party,Baghdad,,"   female
 ","Sahar Rashid, oh God, Youssef Al-Lami",2647
218 ,Badr Organization,13 ,,Party,Baghdad,,Male,Abdulrahman Hamid Abdulmajeed Abdul Ali Alkadhimi,2648
218 ,Badr Organization,14 ,,Party,Baghdad,,Male,Murtasan Hamid Sahib Abbas Al-Moussawi,2649
218 ,Badr Organization,15 ,,Party,Baghdad,,Male,Salah Yaqoub Hamoud Bisht Al-Daraji,2650
218 ,Badr Organization,16 ,,Party,Baghdad,,"   female
 ",Iman Rashid Hamid Issa Al-Obaidi,2651
218 ,Badr Organization,17 ,,Party,Baghdad,,Male,Qasim Jabbarsar in Mashtat Gharibawi,2652
218 ,Badr Organization,18 ,,Party,Baghdad,,Male,"Ahmed Rasn, where did you go, Al-
Atwani?",2653
218 ,Badr Organization,19 ,,Party,Baghdad,,Male,"Adnan Munim Hilal Muha-
mmad Al-Dulfan Y",2654
218 ,Badr Organization,20 ,,Party,Baghdad,,"   female
 ","Zainab Karim Yasser N Al-
oun Al-Maliki",2655
218 ,Badr Organization,21 ,,Party,Baghdad,,Male,Adnan Sultan Aboud Farhan Al-Shorbawi,2656
218 ,Badr Organization,22 ,,Party,Baghdad,,Male,Sahi Abdul Sarhan Dhiyab Al-Amri,2657
218 ,Badr Organization,23 ,,Party,Baghdad,,Male,Qasim Mohammed Obaid Mohsen Al-Jabri,2658
218 ,Badr Organization,24 ,,Party,Baghdad,,"   female
 ","Wasam Mahorrasn Y Moh-
sen Al-Lami",2659
218 ,Badr Organization,25 ,,Party,Baghdad,,"   female
 ",Weam Mohammed Abdul Amir Abbas Al-Ghaban,2660
218 ,Badr Organization,26 ,,Party,Baghdad,,Male,He made me angry,2661
218 ,Badr Organization,27 ,,Party,Baghdad,,Male,"Raad Mustafa Muhammad Jas-
sim Al-Tamimi",2662
218 ,Badr Organization,28 ,,Party,Baghdad,,"   female
 ",Ban Fawzi Khader Hamza Al-Abidi,2663
218 ,Badr Organization,29 ,,Party,Baghdad,,Male,Hazem Abdul Salman Muslim Lami,2664
218 ,Badr Organization,30 ,,Party,Baghdad,,Male,"Zayd Hadi Muhammad Hasiran Al-
Qaisi",2665
218 ,Badr Organization,31 ,,Party,Baghdad,,Male,"Karim Kazem Haseer N Khad-
iri Al-Yemeni",2666
218 ,Badr Organization,32 ,,Party,Baghdad,,Male,Nizar Ibrahim Abdul Maher Al-Ziyadi,2667
218 ,Badr Organization,33 ,,Party,Baghdad,,Male,"Shamel Muhammad Haseer N Zakiyy
Al-Amri",2668
218 ,Badr Organization,35 ,,Party,Baghdad,,Male,Adnan Sadkhan Ji Nabih Al-Lami,2669
218 ,Badr Organization,36 ,,Party,Baghdad,,"   female
 ","Nour Adel Haseer N Abdul Ka-
rim Al-Atani",2670
218 ,Badr Organization,37 ,,Party,Baghdad,,Male,Safaa Kazem Hamad Hassan,2671
218 ,Badr Organization,38 ,,Party,Baghdad,,Male,علىي حسيرن عباس ياسيرن العبادي,2672
218 ,Badr Organization,40 ,,Party,Baghdad,,"   female
 ","Zeinab Mohammad Ali Reza
Shahir",2673
218 ,Badr Organization,41 ,,Party,Baghdad,,Male,Ahmed Abdel Karim Dawood Salman Qara Gholiyi,2674
218 ,Badr Organization,43 ,,Party,Baghdad,,Male,Ali Jassim Ali Ajil Al-Majidi,2675
218 ,Badr Organization,44 ,,Party,Baghdad,,"   female
 ",Israa Abdelkhaleq Hasirn Ali Alhashimii,2676
218 ,Badr Organization,45 ,,Party,Baghdad,,Male,Jassim Issa Ahmed Khamis Jawari,2677
218 ,Badr Organization,46 ,,Party,Baghdad,,Male,"Asad Kadhim Abdullah Mashawar Mash-
awar",2678
218 ,Badr Organization,47 ,,Party,Baghdad,,Male,Ali Jabbar Ne'ma KhalafAl-Saedi,2679
218 ,Badr Organization,48 ,,Party,Baghdad,,"   female
 ",Rabha Qasim Thajil Aboudi Aboudi,2680
218 ,Badr Organization,49 ,,Party,Baghdad,,Male,"Ali Abdul Amir, the oppressed, the outcast, Khaz
Ali",2681
218 ,Badr Organization,50 ,,Party,Baghdad,,Male,"Muhammad Dawood Salman Abdul
Tamimi",2682
218 ,Badr Organization,51 ,,Party,Baghdad,,Male,Riyadh Abdul Karim Faraj Muhammad Al-Maqdadi,2683
218 ,Badr Organization,52 ,,Party,Baghdad,,"   female
 ",Mais Saleh Rahim Djer Al-Fariji,2684
218 ,Badr Organization,53 ,,Party,Baghdad,,Male,"Talib Wali Kamar Khan Amiran Ar-
qawazi",2685
218 ,Badr Organization,54 ,,Party,Baghdad,,Male,Haider Abdul Hamad Mahdi Al-Assaf,2686
218 ,Badr Organization,57 ,,Party,Baghdad,,Male,Alaa Sattar Abdul Jabbar Badn Al Tamimiyi,2687
218 ,Badr Organization,58 ,,Party,Baghdad,,Male,"Ali Haider Abdul Hamid Jawad Kh-
adir Al-Bir Manni",2688
218 ,Badr Organization,59 ,,Party,Baghdad,,Male,Muhammad Jalal Karim Badan al-Rubaie,2689
218 ,Badr Organization,60 ,,Party,Baghdad,,Male,"Abbas Rashid, oh God, Youssef Al-Lami",2690
218 ,Badr Organization,61 ,,Party,Baghdad,,"   female
 ",Amna Hamoud is a guest of Alak Alikhan,2691
218 ,Badr Organization,62 ,,Party,Baghdad,,Male,Abdul-Jabbar KhalafLafta Issa Al-Moussawi,2692
218 ,Badr Organization,63 ,,Party,Baghdad,,Male,Firas Jalil Abdul-Kazem Zahir Al-Rubaie,2693
218 ,Badr Organization,64 ,,Party,Baghdad,,Male,Nasir Ali Latif Majid Kaki,2694
218 ,Badr Organization,65 ,,Party,Baghdad,,"   female
 ",Ashwaq Abbas Harni Sarhan Al-Jabouri,2695
218 ,Badr Organization,66 ,,Party,Baghdad,,Male,"Ahmed Basem Hashem Mahdi
Al-Hasthan Y",2696
218 ,Badr Organization,67 ,,Party,Baghdad,,Male,Khalil Dinar Ali Katio,2697
218 ,Badr Organization,68 ,,Party,Baghdad,,Male,Salah Hassan Abbas Judeh Al-Fatla,2698
218 ,Badr Organization,69 ,,Party,Baghdad,,"   female
 ","Inam Blossom Yasir N. Kirkuz Al-
Abadi",2699
218 ,Badr Organization,70 ,,Party,Baghdad,,Male,Abdullah Mahmoud Shaya'a Al-Abyad,2700
218 ,Badr Organization,71 ,,Party,Baghdad,,Male,Zuhair Jassim Muhammad Ali Abbas,2701
218 ,Badr Organization,73 ,,Party,Baghdad,,"   female
 ",Nora Ali Jassim Kazim Al-Athari,2702
218 ,Badr Organization,74 ,,Party,Baghdad,,Male,Hussam Ziara Hwanji Aliawi,2703
218 ,Badr Organization,75 ,,Party,Baghdad,,Male,Aseel Sabah Abdul Latif Hassan Al-Rubaie,2704
218 ,Badr Organization,77 ,,Party,Baghdad,,"   female
 ","Zahra Ali Jabbar, Algerian musician",2705
218 ,Badr Organization,78 ,,Party,Baghdad,,Male,Wassam Abbas Hashem Mohammed Al Khamis,2706
218 ,Badr Organization,79 ,,Party,Baghdad,,Male,Mustafa Saheb Masameh Marjan Al-Badri,2707
218 ,Badr Organization,80 ,,Party,Baghdad,,Male,Hassan Zamel Hasinki Al-Saedi,2708
218 ,Badr Organization,81 ,,Party,Baghdad,,"   female
 ",Mai Saleh Mahdi Hassan Al-Moussawi,2709
218 ,Badr Organization,82 ,,Party,Baghdad,,Male,Saad Hassan Rahil Baridi Al-Rubaie,2710
218 ,Badr Organization,83 ,,Party,Baghdad,,Male,"Tahsir Jabbar Sayyid Thamar
Al-Kanani",2711
218 ,Badr Organization,84 ,,Party,Baghdad,,Male,Hakim Rahim Karim Salim Al-Qara Lucy,2712
218 ,Badr Organization,85 ,,Party,Baghdad,,"   female
 ",Hana Kazim Awad Khalifa Al-Saadi,2713
218 ,Badr Organization,86 ,,Party,Baghdad,,Male,Fadhel Majeed Salman Shaddah Al-Masoudi,2714
218 ,Badr Organization,87 ,,Party,Baghdad,,Male,Hamid Rashid Majdhub La'ithi Al-Tamimiyi,2715
218 ,Badr Organization,88 ,,Party,Baghdad,,Male,Qasim Hamid Aliwi Ajil Al-Haliki,2716
218 ,Badr Organization,89 ,,Party,Baghdad,,"   female
 ",Lamia Qasim Hafez Sayalharishawi,2717
218 ,Badr Organization,90 ,,Party,Baghdad,,Male,Ali Diaa El-Din Mohammed Mohammed Al-Fayyad,2718
218 ,Badr Organization,91 ,,Party,Baghdad,,Male,"Mustafa Sarhan Al-Aithi is coming to
Al-Atwani",2719
218 ,Badr Organization,94 ,,Party,Baghdad,,Male,"The story of Abdul Hassan Shafni
Jial-Kathi",2720
218 ,Badr Organization,95 ,,Party,Baghdad,,Male,Abbas Khadir Abbas Hassan Al-Amiri,2721
218 ,Badr Organization,96 ,,Party,Baghdad,,Male,Ali Aziz Muhammad Musa Al-Saedi,2722
218 ,Badr Organization,99 ,,Party,Baghdad,,Male,I became a ghem Haidar Yousef Abdullah Al-Yaqoub,2723
218 ,Badr Organization,100 ,,Party,Baghdad,,Male,Messenger Ali Fakhrfat Al-Musawi,2724
218 ,Badr Organization,101 ,,Party,Baghdad,,"   female
 ","Batoul Mustafa Abdul Wahab Abdul
Aoun Al-Tani",2725
218 ,Badr Organization,102 ,,Party,Baghdad,,Male,Ahmed Mahdi Abdul Abbas Al-Amiri,2726
218 ,Badr Organization,103 ,,Party,Baghdad,,Male,"I am very sad about the death of Khamis
Al-Ghariri",2727
218 ,Badr Organization,105 ,,Party,Baghdad,,"   female
 ",Faiza Qasim Tawfiq Reda Al-Fayli,2728
218 ,Badr Organization,106 ,,Party,Baghdad,,Male,"Mason Salim Dawood Sadar
al-Talibawi",2729
218 ,Badr Organization,107 ,,Party,Baghdad,,Male,Ismail Abdul Jalil Ismail Hassan Al-Shaji,2730
218 ,Badr Organization,108 ,,Party,Baghdad,,Male,Messenger of blessing and mercy Faraj Al-Yasiri,2731
218 ,Badr Organization,109 ,,Party,Baghdad,,"   female
 ",Nour Adi Ali Abbas Al-Quraisy,2732
218 ,Badr Organization,110 ,,Party,Baghdad,,Male,Ahmed Abdullah Habib Darwish Al-Muhyawi,2733
218 ,Badr Organization,112 ,,Party,Baghdad,,"   female
 ",Janan Taher Abd Ali Al-Tamimi,2734
218 ,Badr Organization,113 ,,Party,Baghdad,,"   female
 ","Shaima Alaa El-Din Abdel-Wahab Sa-
bthri Al-Ezz",2735
218 ,Badr Organization,115 ,,Party,Baghdad,,Male,Mithaq Karim Tariq Moshali Al-Maksousi,2736
218 ,Badr Organization,116 ,,Party,Baghdad,,Male,Mowaffaq Rashid Khalil Saleh Al-Alawi,2737
218 ,Badr Organization,117 ,,Party,Baghdad,,"   female
 ","Aseel Abdul Rahim, phone number of Muzal Al-
Nafaei",2738
218 ,Badr Organization,119 ,,Party,Baghdad,,Male,Qasim Kazim Buri Awad Al-Bawi,2739
218 ,Badr Organization,120 ,,Party,Baghdad,,"   female
 ",سعاد مولی نعمه زاجي ابو رغيف,2740
218 ,Badr Organization,121 ,,Party,Baghdad,,"   female
 ",Fatima Jafar Aliwi Sultan Al-Hussein,2741
218 ,Badr Organization,123 ,,Party,Baghdad,,Male,"I feel sorry for you, you are so sad, Sabaa
Al-Rubaie",2742
218 ,Badr Organization,124 ,,Party,Baghdad,,Male,Falah Hassan Abdul Salman Al-Moussawi,2743
218 ,Badr Organization,125 ,,Party,Baghdad,,"   female
 ","Samir H. Abdul-Rasoul Kadhim Sedkhan Al-
Atani",2744
218 ,Badr Organization,127 ,,Party,Baghdad,,"   female
 ","Hawra Atta Mukhti Aboud Al-
Hasthan Y",2745
218 ,Badr Organization,128 ,,Party,Baghdad,,"   female
 ",Susan Jabbarouda Tartish Al-Gharawi,2746
218 ,Badr Organization,129 ,,Party,Baghdad,,"   female
 ","Samia Qaed Faisal Razofari Al-
Awsi",2747
218 ,Badr Organization,130 ,,Party,Baghdad,,"   female
 ",Najat Abdullah Taama KhalafAl-Jabri,2748
218 ,Badr Organization,133 ,,Party,Baghdad,,"   female
 ",Iman Hashem Khalaf Sayed Al-Boumohammed,2749
218 ,Badr Organization,134 ,,Party,Baghdad,,"   female
 ",Bushra Hassan Ismail Hasiran Al-Khafaji,2750
218 ,Badr Organization,135 ,,Party,Baghdad,,"   female
 ",Batoul Jassim Muhammad Muhail Al-Ibrahimi,2751
218 ,Badr Organization,136 ,,Party,Baghdad,,"   female
 ",VictoryKazem Jawad Kazem Al-Tamimi,2752
218 ,Badr Organization,137 ,,Party,Baghdad,,"   female
 ",ضفاف عزيز جبار والیي الهنداوي,2753
221 ,"National Sovereignty Alliance - Le-
gislation",1 ,,      Alliance,Baghdad,,Male,"Mahmoud Daoud Salman Musa
Al-Mashhadani",2754
221 ,"National Sovereignty Alliance - Le-
gislation",2 ,,      Alliance,Baghdad,,Male,Ziad Tariq Abdullah Hamad Al-Janani,2755
221 ,"National Sovereignty Alliance - Le-
gislation",3 ,,      Alliance,Baghdad,,Male,Talal Khadir Abbas Saeed Al-Zubaidi,2756
221 ,"National Sovereignty Alliance - Le-
gislation",4 ,,      Alliance,Baghdad,,Male,"Ali Arethi, come back soon",2757
221 ,"National Sovereignty Alliance - Le-
gislation",5 ,,      Alliance,Baghdad,,"   female
 ",Aisha Ghazal Mahdi Madhan Al-Masari,2758
221 ,"National Sovereignty Alliance - Le-
gislation",6 ,,      Alliance,Baghdad,,Male,Ahmed Faraj Hammadi Al-Aithawi plows,2759
221 ,"National Sovereignty Alliance - Le-
gislation",7 ,,      Alliance,Baghdad,,Male,Muhammad Fadel Jassim Muhammad,2760
221 ,"National Sovereignty Alliance - Le-
gislation",8 ,,      Alliance,Baghdad,,Male,"Hassan Khadir Abbas Shweird
Hamdanni",2761
221 ,"National Sovereignty Alliance - Le-
gislation",9 ,,      Alliance,Baghdad,,Male,Mahmoud Khalaf Ali Hassan Al-Abidi,2762
221 ,"National Sovereignty Alliance - Le-
gislation",10 ,,      Alliance,Baghdad,,Male,"Khadn Abd Ali Abbas NaseefAl-Shajeer
Y",2763
221 ,"National Sovereignty Alliance - Le-
gislation",11 ,,      Alliance,Baghdad,,Male,"Osman Ibrahim Mahmoud Majeed Al-Jaheesir
Y",2764
221 ,"National Sovereignty Alliance - Le-
gislation",12 ,,      Alliance,Baghdad,,"   female
 ",Rafah Hasirn Shalal Suhail Al-Jadady,2765
221 ,"National Sovereignty Alliance - Le-
gislation",13 ,,      Alliance,Baghdad,,"   female
 ",Nora Hekmat Abdel Aziz Nad Al-Jahish,2766
221 ,"National Sovereignty Alliance - Le-
gislation",14 ,,      Alliance,Baghdad,,Male,Abdul Karim Muhammad Abdul Karim Abdul Qader,2767
221 ,"National Sovereignty Alliance - Le-
gislation",15 ,,      Alliance,Baghdad,,Male,Omar Adnan Ali Karmoosh,2768
221 ,"National Sovereignty Alliance - Le-
gislation",16 ,,      Alliance,Baghdad,,Male,Nasser Ahmed Ghanem Daoud,2769
221 ,"National Sovereignty Alliance - Le-
gislation",17 ,,      Alliance,Baghdad,,Male,"Mohammed Amirn Shaalan Suhail
Al-Hamza",2770
221 ,"National Sovereignty Alliance - Le-
gislation",18 ,,      Alliance,Baghdad,,Male,Ali Zayed Nazal Abdullah,2771
221 ,"National Sovereignty Alliance - Le-
gislation",19 ,,Alliance,Baghdad,,"   female
 ","Amal Suham Hamid Mohammed
Al-Qasn Y",2772
221 ,"National Sovereignty Alliance - Le-
gislation",20 ,,Alliance,Baghdad,,"   female
 ",Atab Jassim NaseefJassim Al-Douri,2773
221 ,"National Sovereignty Alliance - Le-
gislation",21 ,,Alliance,Baghdad,,Male,"Ali Hamid Abdullah Mohammed Ja-
bouri",2774
221 ,"National Sovereignty Alliance - Le-
gislation",22 ,,Alliance,Baghdad,,Male,"Muththan Muhammad Nawaf
Farhan",2775
221 ,"National Sovereignty Alliance - Le-
gislation",23 ,,Alliance,Baghdad,,Male,"Ammar Abdulrahman Haseer N Ali
Al-Azzawi",2776
221 ,"National Sovereignty Alliance - Le-
gislation",24 ,,Alliance,Baghdad,,Male,"Mohammed Thamer Ibrahim Yas-
ser N Al-Janani",2777
221 ,"National Sovereignty Alliance - Le-
gislation",25 ,,Alliance,Baghdad,,Male,Kamil Nawaf Aboud Habib Gheriri,2778
221 ,"National Sovereignty Alliance - Le-
gislation",26 ,,Alliance,Baghdad,,Male,"Safaa Haseer N Yasser N Abdu-
llah Al-Mashhadani",2779
221 ,"National Sovereignty Alliance - Le-
gislation",27 ,,Alliance,Baghdad,,Male,"Peace be upon you, Dawood Jassim Mohammed
Al-Khafaji",2780
221 ,"National Sovereignty Alliance - Le-
gislation",28 ,,Alliance,Baghdad,,Male,Salah Yas Khader Aday,2781
221 ,"National Sovereignty Alliance - Le-
gislation",29 ,,Alliance,Baghdad,,Male,Nafi Abbas Muhaimid Abdul,2782
221 ,"National Sovereignty Alliance - Le-
gislation",30 ,,Alliance,Baghdad,,Male,Karim Abdel Eid KhalafAl-Laheeb,2783
221 ,"National Sovereignty Alliance - Le-
gislation",31 ,,Alliance,Baghdad,,Male,Majeed Mohammed Haseer N Al-Saad plows,2784
221 ,"National Sovereignty Alliance - Le-
gislation",32 ,,Alliance,Baghdad,,Male,Adel Ghazi Maji Mohammed Al-Daf’i,2785
221 ,"National Sovereignty Alliance - Le-
gislation",33 ,,Alliance,Baghdad,,"   female
 ",Alia Haseer N Suwadi Wahib Al-Bakawi,2786
221 ,"National Sovereignty Alliance - Le-
gislation",34 ,,Alliance,Baghdad,,Male,"Qusay Saadoun Muhammad Dalimiyi Gher-
iri",2787
221 ,"National Sovereignty Alliance - Le-
gislation",35 ,,Alliance,Baghdad,,Male,Salah Hamdan Rahim Raja Al-Kubaisi,2788
221 ,"National Sovereignty Alliance - Le-
gislation",36 ,,Alliance,Baghdad,,"   female
 ",Faiza Kazim Mohammed Walid,2789
221 ,"National Sovereignty Alliance - Le-
gislation",37 ,,Alliance,Baghdad,,"   female
 ",Aisha Rafi Rajab Hasirn,2790
221 ,"National Sovereignty Alliance - Le-
gislation",38 ,,Alliance,Baghdad,,Male,"I became a ghoul Khaled Abdullah Saleh Karag-
oul",2791
221 ,"National Sovereignty Alliance - Le-
gislation",39 ,,Alliance,Baghdad,,Male,Zaid Hassan Ali Fayyad,2792
221 ,"National Sovereignty Alliance - Le-
gislation",40 ,,Alliance,Baghdad,,Male,Salah Kamel Miteb Muhammad Abu Hamar,2793
221 ,"National Sovereignty Alliance - Le-
gislation",41 ,,Alliance,Baghdad,,Male,"Omar Sabah Mohammed Haseer N
Al-Azzawi",2794
221 ,"National Sovereignty Alliance - Le-
gislation",42 ,,Alliance,Baghdad,,"   female
 ","Asia Hasirnakazim Fa-
rman",2795
221 ,"National Sovereignty Alliance - Le-
gislation",43 ,,Alliance,Baghdad,,Male,Qasim Muhammad Abd Ali,2796
221 ,"National Sovereignty Alliance - Le-
gislation",44 ,,Alliance,Baghdad,,Male,Salah Hadi Awda Massir Al-Abidi,2797
221 ,"National Sovereignty Alliance - Le-
gislation",45 ,,Alliance,Baghdad,,Male,Abbas Mahdi Saleh Mahal,2798
221 ,"National Sovereignty Alliance - Le-
gislation",47 ,,Alliance,Baghdad,,Male,"Namir Mahmoud Mohammed Najm
Al-Kartani",2799
221 ,"National Sovereignty Alliance - Le-
gislation",48 ,,Alliance,Baghdad,,Male,"I feel sorry for Dawood
Saleh",2800
221 ,"National Sovereignty Alliance - Le-
gislation",49 ,,Alliance,Baghdad,,"   female
 ",Dawood Salman Abdullah Al-Azami is noisy,2801
221 ,"National Sovereignty Alliance - Le-
gislation",50 ,,Alliance,Baghdad,,Male,Ziad Hamad Abbas Aswad,2802
221 ,"National Sovereignty Alliance - Le-
gislation",51 ,,Alliance,Baghdad,,Male,Fouad AzizKhorshid Rostam Bajlan,2803
221 ,"National Sovereignty Alliance - Le-
gislation",52 ,,Alliance,Baghdad,,"   female
 ",Ikhlas Younis Muhammad Ibrahim,2804
221 ,"National Sovereignty Alliance - Le-
gislation",53 ,,Alliance,Baghdad,,Male,Hisham Imad Abdel LatifHassoun,2805
221 ,"National Sovereignty Alliance - Le-
gislation",54 ,,Alliance,Baghdad,,Male,My age is Yasser N Abdul Farhan Al-Marawi,2806
221 ,"National Sovereignty Alliance - Le-
gislation",55 ,,Alliance,Baghdad,,"   female
 ",Nora Adnan Kazim Rashid Al-Jumaili,2807
221 ,"National Sovereignty Alliance - Le-
gislation",57 ,,Alliance,Baghdad,,Male,"Imad Madallah Lafni
Habib Al-Ani",2808
221 ,"National Sovereignty Alliance - Le-
gislation",58 ,,Alliance,Baghdad,,Male,"Essam Mohammed KhadirhorribleBaskergolı
i",2809
221 ,"National Sovereignty Alliance - Le-
gislation",59 ,,Alliance,Baghdad,,"   female
 ",Faten Aziz Mohammed Shabib Obaidi,2810
221 ,"National Sovereignty Alliance - Le-
gislation",60 ,,Alliance,Baghdad,,Male,Mahmoud Riyadh Muhammad Raouf Mardad Al-Shammari,2811
221 ,"National Sovereignty Alliance - Le-
gislation",61 ,,Alliance,Baghdad,,Male,Ahmed Abdullah Majit Saeed Al-Dhuwaithi,2812
221 ,"National Sovereignty Alliance - Le-
gislation",62 ,,Alliance,Baghdad,,Male,Arshad Hamid Lahmod Hammadi Al-Sagri,2813
221 ,"National Sovereignty Alliance - Le-
gislation",63 ,,Alliance,Baghdad,,Male,"Taher Obaid Haseer N Ah-
med",2814
221 ,"National Sovereignty Alliance - Le-
gislation",64 ,,Alliance,Baghdad,,Male,"Mohammed Abdel-Ilah Abdel-Moneim Mahmoud
Al-Haythari",2815
221 ,"National Sovereignty Alliance - Le-
gislation",65 ,,Alliance,Baghdad,,Male,"Mohammed Karim Dawood Hassan Rkib-
awi",2816
221 ,"National Sovereignty Alliance - Le-
gislation",66 ,,Alliance,Baghdad,,Male,Tariq Hamid Muhammad Flaifel Al-Jabouri,2817
221 ,"National Sovereignty Alliance - Le-
gislation",67 ,,Alliance,Baghdad,,Male,"Yasser Hafez, the porter",2818
221 ,"National Sovereignty Alliance - Le-
gislation",68 ,,Alliance,Baghdad,,"   female
 ",Aisha Rajab Abdul-Azim Mukhlif Al-Zubaidi,2819
221 ,"National Sovereignty Alliance - Le-
gislation",69 ,,Alliance,Baghdad,,Male,"Taha Khadn Fadhil Abbas Al-
Lahithi",2820
221 ,"National Sovereignty Alliance - Le-
gislation",70 ,,Alliance,Baghdad,,"   female
 ",High phone Aliwi Obaid,2821
221 ,"National Sovereignty Alliance - Le-
gislation",71 ,,Alliance,Baghdad,,Male,Duraid Najm Abdul Khadir Al-Mufarji,2822
221 ,"National Sovereignty Alliance - Le-
gislation",72 ,,Alliance,Baghdad,,Male,"Ahmed Manhal Sirr Yif Saeed Al Ja-
wari",2823
221 ,"National Sovereignty Alliance - Le-
gislation",73 ,,Alliance,Baghdad,,Male,Mahmoud Talal Ahmed Madhat Ali Al-Zaidi,2824
221 ,"National Sovereignty Alliance - Le-
gislation",74 ,,Alliance,Baghdad,,"   female
 ",Kamila Mohammed Abdullah Jameel,2825
221 ,"National Sovereignty Alliance - Le-
gislation",75 ,,Alliance,Baghdad,,Male,"Raad Hashim Alwan Saleh
Al-Hamdani",2826
221 ,"National Sovereignty Alliance - Le-
gislation",76 ,,Alliance,Baghdad,,Male,Ahmed Mawloud Ahmed Azawi Al-Azzawi,2827
221 ,"National Sovereignty Alliance - Le-
gislation",77 ,,Alliance,Baghdad,,Male,      Khaled Ahmed Saleh Saeed Al-Jubouri,2828
221 ,"National Sovereignty Alliance - Le-
gislation",78 ,,Alliance,Baghdad,,Male,     Adi Fadel Mustafa Kamal,2829
221 ,"National Sovereignty Alliance - Le-
gislation",79 ,,Alliance,Baghdad,,"   female
 ",        Nouri Youssef Ghadhban Mubarak Al-Fayadh,2830
221 ,"National Sovereignty Alliance - Le-
gislation",80 ,,Alliance,Baghdad,,Male,  Mohammed Kazem NayefMatar,2831
221 ,"National Sovereignty Alliance - Le-
gislation",81 ,,Alliance,Baghdad,,Male," Muththan Badawi Ahmed Ha-
                    ssoun",2832
221 ,"National Sovereignty Alliance - Le-
gislation",82 ,,Alliance,Baghdad,,Male,"Hudhayfah Ayad Sayyi Hasir N
                        Al-Anani",2833
221 ,"National Sovereignty Alliance - Le-
gislation",83 ,,Alliance,Baghdad,,Male,  Taha Jassim Mohammed Mahaoush,2834
221 ,"National Sovereignty Alliance - Le-
gislation",84 ,,Alliance,Baghdad,,Male,مهند امجد خضير احمد الحيالیي,2835
221 ,"National Sovereignty Alliance - Le-
gislation",85 ,,Alliance,Baghdad,,Male,محمد حمادي عاصي وسمیي الفلاجي,2836
221 ,"National Sovereignty Alliance - Le-
gislation",86 ,,Alliance,Baghdad,,Male,     Ayad Khadirji Abd,2837
221 ,"National Sovereignty Alliance - Le-
gislation",87 ,,Alliance,Baghdad,,"   female
 ", Sareen Faisal Ali Jasim,2838
221 ,"National Sovereignty Alliance - Le-
gislation",88 ,,Alliance,Baghdad,,Male,     Muhammad Katuf Mansour Aani,2839
221 ,"National Sovereignty Alliance - Le-
gislation",89 ,,Alliance,Baghdad,,Male,     Ahmed Mahmoud Abdel Aziz Sheikh Hamad,2840
221 ,"National Sovereignty Alliance - Le-
gislation",90 ,,Alliance,Baghdad,,Male,Muhammad Hamza Dawood Salman Al-Ubaidi,2841
221 ,"National Sovereignty Alliance - Le-
gislation",91 ,,Alliance,Baghdad,,"   female
 ","His crescent moon, Rashid Shamri",2842
221 ,"National Sovereignty Alliance - Le-
gislation",92 ,,Alliance,Baghdad,,Male,Salah Abbas Kazim Ali,2843
221 ,"National Sovereignty Alliance - Le-
gislation",93 ,,Alliance,Baghdad,,"   female
 ",Abdulwahab Ghazi Hamoudi Al-Jabouri was in a state of turmoil,2844
221 ,"National Sovereignty Alliance - Le-
gislation",94 ,,Alliance,Baghdad,,Male,خضير نجم عبود حسون الابراهيمیي,2845
221 ,"National Sovereignty Alliance - Le-
gislation",95 ,,Alliance,Baghdad,,"   female
 ",  Israa Hashem Daham Ahmed,2846
221 ,"National Sovereignty Alliance - Le-
gislation",96 ,,Alliance,Baghdad,,Male,    Ali Abdul-Hussein Alwan Abbas Al-Bayanri,2847
221 ,"National Sovereignty Alliance - Le-
gislation",97 ,,Alliance,Baghdad,,Male,"     Bashir Ahmed kneeling on me, the
                           narrator",2848
221 ,"National Sovereignty Alliance - Le-
gislation",98 ,,Alliance,Baghdad,,"   female
 ",      Tweeting Ibrahim NayefFares Al-Ajili,2849
221 ,"National Sovereignty Alliance - Le-
gislation",99 ,,Alliance,Baghdad,,"   female
 ",     Rania Mubdar Abdel Hadi Abbas,2850
221 ,"National Sovereignty Alliance - Le-
gislation",100 ,,Alliance,Baghdad,,Male,Wael Kamel Hamad Abdel Razzaq,2851
221 ,"National Sovereignty Alliance - Le-
gislation",101 ,,Alliance,Baghdad,,Male,     Bakarnaji Fayyad Bilal Janani,2852
221 ,"National Sovereignty Alliance - Le-
gislation",102 ,,Alliance,Baghdad,,"   female
 ",  Maysoon Ali Muhammad Ghanem Dalimiyi,2853
221 ,"National Sovereignty Alliance - Le-
gislation",103 ,,Alliance,Baghdad,,"   female
 ",   Fleeha Daji Alwan Hasirn Al-Makdi,2854
221 ,"National Sovereignty Alliance - Le-
gislation",104 ,,Alliance,Baghdad,,"   female
 ", Nias Nouri Ali Farhan,2855
221 ,"National Sovereignty Alliance - Le-
gislation",105 ,,Alliance,Baghdad,,Male,"Return of Gurni Sultan Kh-
                  ater",2856
221 ,"National Sovereignty Alliance - Le-
gislation",106 ,,Alliance,Baghdad,,"   female
 ","  Hadeel Adnan Anwar Fa-
             lih Al-Anani",2857
221 ,"National Sovereignty Alliance - Le-
gislation",107 ,,Alliance,Baghdad,,Male,Harith Ali Hasiran Ali,2858
221 ,"National Sovereignty Alliance - Le-
gislation",108 ,,Alliance,Baghdad,,"   female
 ",همسه يوسف فاضل علوان التميمیي,2859
221 ,"National Sovereignty Alliance - Le-
gislation",109 ,,Alliance,Baghdad,,"   female
 ",Kahramana Adnan Naji Othman Baban,2860
221 ,"National Sovereignty Alliance - Le-
gislation",110 ,,Alliance,Baghdad,,"   female
 ",Vian Salman Khalaf Hamoud Shajer Y,2861
221 ,"National Sovereignty Alliance - Le-
gislation",111 ,,Alliance,Baghdad,,Male,Rafid Abdul Muhammad Shihab,2862
221 ,"National Sovereignty Alliance - Le-
gislation",112 ,,Alliance,Baghdad,,"   female
 ",Iman Karim Musleh Muhammad,2863
221 ,"National Sovereignty Alliance - Le-
gislation",113 ,,Alliance,Baghdad,,"   female
 ",Damia Shaker Gharkan Youssef,2864
221 ,"National Sovereignty Alliance - Le-
gislation",114 ,,Alliance,Baghdad,,"   female
 ",Louay Asaad Ali Ibrahim,2865
221 ,"National Sovereignty Alliance - Le-
gislation",115 ,,Alliance,Baghdad,,"   female
 ",Afrah Mohammed Omar Faisal Serisah,2866
221 ,"National Sovereignty Alliance - Le-
gislation",116 ,,Alliance,Baghdad,,"   female
 ",Wafaa Saadi Saleh Qaddouri Al-Qaisi,2867
221 ,"National Sovereignty Alliance - Le-
gislation",117 ,,Alliance,Baghdad,,"   female
 ","    Amany Abdul Jalil Shia Joda Al-
                       Rukani",2868
221 ,"National Sovereignty Alliance - Le-
gislation",118 ,,Alliance,Baghdad,,Male,Saad Mohammed Akoul Ali Al-Jadady,2869
221 ,"National Sovereignty Alliance - Le-
gislation",119 ,,Alliance,Baghdad,,"   female
 ",Zahraa Hazem Abboud Mashraf Al-Khalidi,2870
221 ,"National Sovereignty Alliance - Le-
gislation",120 ,,Alliance,Baghdad,,"   female
 ",Hala Ghazi Youssef Mohammed,2871
221 ,"National Sovereignty Alliance - Le-
gislation",121 ,,Alliance,Baghdad,,"   female
 ",Khalida Nasser Jassim Mohammed,2872
221 ,"National Sovereignty Alliance - Le-
gislation",122 ,,Alliance,Baghdad,,Male,Saif Tariq Hajim Sultan Al-Saadoun,2873
221 ,"National Sovereignty Alliance - Le-
gislation",123 ,,Alliance,Baghdad,,Male,"    Ihab Ibrahim Khadir Abdul Ka-
                        rtanni",2874
221 ,"National Sovereignty Alliance - Le-
gislation",124 ,,Alliance,Baghdad,,Male,"     Jamal Khadir Mohammed Ah-
              med Al-Hamdani",2875
221 ,"National Sovereignty Alliance - Le-
gislation",125 ,,Alliance,Baghdad,,Male,"Thaer Ghazi Abboud Da-
         oud Al-Anani",2876
221 ,"National Sovereignty Alliance - Le-
gislation",126 ,,Alliance,Baghdad,,Male,Bashir Mohsen Haraj Rashid Gheriri,2877
221 ,"National Sovereignty Alliance - Le-
gislation",127 ,,Alliance,Baghdad,,Male,Ahmed Abdel Sattar Saleh Jabal Al-Azzi,2878
221 ,"National Sovereignty Alliance - Le-
gislation",128 ,,Alliance,Baghdad,,"   female
 ",Baraa Rashid Mohammed Othman Al-Jabouri,2879
221 ,"National Sovereignty Alliance - Le-
gislation",129 ,,Alliance,Baghdad,,Male,"   Nihad Salama Abdul Majeed Saeed Al-
                              Bayanri",2880
221 ,"National Sovereignty Alliance - Le-
gislation",130 ,,Alliance,Baghdad,,"   female
 ",Sari Saeb Hamza Alawi Al-Abidi,2881
221 ,"National Sovereignty Alliance - Le-
gislation",131 ,,Alliance,Baghdad,,"   female
 ",Hasirn Jassim Hajim Sultan,2882
221 ,"National Sovereignty Alliance - Le-
gislation",132 ,,Alliance,Baghdad,,"   female
 ",Hasna Hadi Mohammed Hassan Al-Janani,2883
221 ,"National Sovereignty Alliance - Le-
gislation",133 ,,Alliance,Baghdad,,Male,Abdullah Salem Ahmed Jassim,2884
221 ,"National Sovereignty Alliance - Le-
gislation",134 ,,Alliance,Baghdad,,"female
 ",Names ofFaleh Hassan Ali Al-Azzawi,2885
221 ,"National Sovereignty Alliance - Le-
gislation",135 ,,Alliance,Baghdad,,"female
 ",Sarah Ali Faraj Mohammed Al-Dulaimi,2886
221 ,"National Sovereignty Alliance - Le-
gislation",136 ,,Alliance,Baghdad,,Male,Abdulrahman Ibrahim Khalil Jassim Al-Jubouri,2887
221 ,"National Sovereignty Alliance - Le-
gislation",137 ,,Alliance,Baghdad,,Male,"Mohammed Abdul Ghafour Hassan Mo-
hammed Zobaei",2888
221 ,"National Sovereignty Alliance - Le-
gislation",138 ,,Alliance,Baghdad,,Male,محمد عكاب خالد مخلف,2889
221 ,"National Sovereignty Alliance - Le-
gislation",139 ,,Alliance,Baghdad,,Male,Laith Mustafa Hamoud Jazaa Al-Marawi,2890
224 ,"Good news, Iraq",1 ,,Alliance,Baghdad,,Male,"Abdulhasir N        Abdulredha Baqir Muhammad Ab-
tan",2891
224 ,"Good news, Iraq",2 ,,Alliance,Baghdad,,Male,Abdul Najm Abdullah Awda Al-Ameri,2892
224 ,"Good news, Iraq",3 ,,Alliance,Baghdad,,Male,"   Aref Abdul Karim Ali Hasir N
                        Al Ain Ni",2893
224 ,"Good news, Iraq",4 ,,Alliance,Baghdad,,Male,Hasnir N Sadiq Jafar Kazim Al-Saadi,2894
224 ,"Good news, Iraq",5 ,,Alliance,Baghdad,,Male,"Ali Nabil Makki Muham-
mad Al-Hasthan Y",2895
224 ,"Good news, Iraq",6 ,,Alliance,Baghdad,,Male,Abdullah Abbas Attia Abdel-Rafaei,2896
224 ,"Good news, Iraq",7 ,,Alliance,Baghdad,,Male,ضياء محمد علوان جوده الكلاني,2897
224 ,"Good news, Iraq",8 ,,Alliance,Baghdad,,Male,حسيرن علىي احسان حمدي الزبيدي,2898
224 ,"Good news, Iraq",9 ,,Alliance,Baghdad,,Male,Muhammad Rashad Ismail Jawad Al-Jawahiri,2899
224 ,"Good news, Iraq",10 ,,Alliance,Baghdad,,Male,"Muhammad Hasiran Ali Asad
Al-Hakim",2900
224 ,"Good news, Iraq",11 ,,Alliance,Baghdad,,Male,Talib Hassan Darahesh Habib Al-Tamimi,2901
224 ,"Good news, Iraq",12 ,,Alliance,Baghdad,,"female
 ضیراعبددلیي",نورعقیل ياس خ,2902
224 ,"Good news, Iraq",13 ,,Alliance,Baghdad,,Male,"Commander Hadi Salman Fayyad
Al-Kanani",2903
224 ,"Good news, Iraq",14 ,,Alliance,Baghdad,,Male,Muththan Shalash Hilal Tahir Al-Saedi,2904
224 ,"Good news, Iraq",15 ,,Alliance,Baghdad,,Male,Muhammad Munim Hawi Hamid Al-Masoudi,2905
224 ,"Good news, Iraq",16 ,,Alliance,Baghdad,,Male,Amer Adnan Dawood Madhloum Al-Shammari,2906
224 ,"Good news, Iraq",17 ,,Alliance,Baghdad,,Male,Ali Fadhel Ali Masir Masir,2907
224 ,"Good news, Iraq",18 ,,Alliance,Baghdad,,Male,Hatem Ali Ramadan Ali Al-Akthi,2908
224 ,"Good news, Iraq",19 ,,Alliance,Baghdad,,"female
 ",Raghad Attia KhalafHamil Yasser,2909
224 ,"Good news, Iraq",20 ,,Alliance,Baghdad,,"female
 ",Nias Ahmed Nasser Hassern Al-Khazraji,2910
224 ,"Good news, Iraq",21 ,,Alliance,Baghdad,,"female
 ","Dalia Rashid Ahmed Matar Al-
Lami",2911
224 ,"Good news, Iraq",22 ,,Alliance,Baghdad,,Male,Ammar Khalaf Golan Jamil Al-Dahash,2912
224 ,"Good news, Iraq",23 ,,Alliance,Baghdad,,Male,Samirkadhim Hassan Ali al-Bahadliyy,2913
224 ,"Good news, Iraq",24 ,,Alliance,Baghdad,,"   female
 ","Rli Fouad Ibrahim Muhammad
Al-Bayanri",2914
224 ,"Good news, Iraq",25 ,,Alliance,Baghdad,,Male,Ahmed Yahrath Jassim Jawid Al-Saedi,2915
224 ,"Good news, Iraq",26 ,,Alliance,Baghdad,,Male,"Aliya Abdulhasir N       Talal Karim
Lami",2916
224 ,"Good news, Iraq",27 ,,Alliance,Baghdad,,Male,Ali Ghanem Abdul Nathi Abdul Redha Bakhit,2917
224 ,"Good news, Iraq",28 ,,Alliance,Baghdad,,"   female
 ",Maysaloun Ali Jaber Al-Aithi Al-Baydani,2918
224 ,"Good news, Iraq",29 ,,Alliance,Baghdad,,Male,"Ali Hasir N       Shalal Harbaja Kar-
awi",2919
224 ,"Good news, Iraq",30 ,,Alliance,Baghdad,,Male,Ahmed Mahdi Saleh Mohammed Al-Saedi,2920
224 ,"Good news, Iraq",31 ,,Alliance,Baghdad,,Male,Yasirta Ibrahim Hamoudi Al-Abidi,2921
224 ,"Good news, Iraq",32 ,,Alliance,Baghdad,,"   female
 ",Hadeel Hamid Shakerflih Al-Azzawi,2922
224 ,"Good news, Iraq",33 ,,Alliance,Baghdad,,Male,محمد خليل لفته فارس التميمیي,2923
224 ,"Good news, Iraq",34 ,,Alliance,Baghdad,,"   female
 ",Ashwaq Aziz Shnawa Ismail Al-Saadi,2924
224 ,"Good news, Iraq",35 ,,Alliance,Baghdad,,Male,Shaker KhalafLaithi Aqla Al-Nouri,2925
224 ,"Good news, Iraq",36 ,,Alliance,Baghdad,,"   female
 ","Bushri Abdul Harkazem Aziz Al-
Mankusari",2926
224 ,"Good news, Iraq",37 ,,Alliance,Baghdad,,Male,"Varant Vartan Shahir N Yousef Shahir
N",2927
224 ,"Good news, Iraq",38 ,,Alliance,Baghdad,,Male,Samer Ghaleb Samis Karim Al-Dabbat,2928
224 ,"Good news, Iraq",39 ,,Alliance,Baghdad,,Male,"Manea Aboud Hanoun Sanat Al-
Lami",2929
224 ,"Good news, Iraq",40 ,,Alliance,Baghdad,,"   female
 ",Hanan Qais Abbas Abdul Ali Al-Abidi,2930
224 ,"Good news, Iraq",41 ,,Alliance,Baghdad,,Male,"Rasen Ya Hasirn, you must not be ar-Raimish
Al-Saadi",2931
224 ,"Good news, Iraq",42 ,,Alliance,Baghdad,,Male,"Tawfiq Mahmoud Naji Hassoun, may
God bless him",2932
224 ,"Good news, Iraq",43 ,,Alliance,Baghdad,,Male,Hasirn Yaqoub Hasirn Kadhim Al-Balahawi,2933
224 ,"Good news, Iraq",44 ,,Alliance,Baghdad,,"   female
 ",Names inside the Khanjar Sirn Al-Hiliji,2934
224 ,"Good news, Iraq",45 ,,Alliance,Baghdad,,Male,Mustafa Hassan Hadi Hamoudi Al-Burda,2935
224 ,"Good news, Iraq",46 ,,Alliance,Baghdad,,Male,Mustafa Ahmed Mustafa NasoufAl-Abidi,2936
224 ,"Good news, Iraq",47 ,,Alliance,Baghdad,,Male,"Amir Taama Abdulhassir Abdul Th-
amer",2937
224 ,"Good news, Iraq",48 ,,Alliance,Baghdad,,"   female
 ",Nawal Abdel Razzaq Ajil KhalafAl-Khamisi,2938
224 ,"Good news, Iraq",49 ,,Alliance,Baghdad,,"   female
 ",Ikhlas Salman Jassim Moos Zargawi,2939
224 ,"Good news, Iraq",50 ,,Alliance,Baghdad,,Male,Imad Abbas Fadel Hamoud Al-Tuwaijri,2940
224 ,"Good news, Iraq",51 ,,Alliance,Baghdad,,Male,The return of Maher Ghanem Saleh Al-Daraji,2941
224 ,"Good news, Iraq",52 ,,Alliance,Baghdad,,"female
 ",Nour Mahdi Ali Kazim al-Bijawi,2942
224 ,"Good news, Iraq",53 ,,Alliance,Baghdad,,"female
 ",Suad Ziad Jiyad Adhab Al-Amiri,2943
224 ,"Good news, Iraq",54 ,,Alliance,Baghdad,,Male,Ali Farhan Shalal Muhaisen Al-Tamimi,2944
224 ,"Good news, Iraq",55 ,,Alliance,Baghdad,,"female
 ",Hakmat Qasim Abdul Mansour Al-Lami,2945
224 ,"Good news, Iraq",57 ,,Alliance,Baghdad,,لخزعلیMاaleفارس,احمد عماد ترکیي,2946
224 ,"Good news, Iraq",58 ,,Alliance,Baghdad,,Male,Mohammed Khadir Abbas Mohammed Al-Sandouqji,2947
224 ,"Good news, Iraq",59 ,,Alliance,Baghdad,,"female
 ",Alaa Abdullah Shihab Ahmed Al-Qaisi,2948
224 ,"Good news, Iraq",61 ,,Alliance,Baghdad,,"female
 ",Iqbal Abdel Aziz Zidan Zidan Al-Akili,2949
224 ,"Good news, Iraq",62 ,,Alliance,Baghdad,,Male,"I am not satisfied with Atiya Hasir
Al-Khazaali",2950
224 ,"Good news, Iraq",63 ,,Alliance,Baghdad,,Male,Abbas Fadel Faraj Abdul Hassan Al-Rubaie,2951
224 ,"Good news, Iraq",64 ,,Alliance,Baghdad,,Male,"Ali Shaher N Abdul Hassan Muh-
aimin Al-Maliki",2952
224 ,"Good news, Iraq",65 ,,Alliance,Baghdad,,Male,ازهر جعفر عويز زكاط الغزالیي,2953
224 ,"Good news, Iraq",66 ,,Alliance,Baghdad,,Male,"Nazkzar Abdul Haseer n Ba-
sser Y Al-Waili",2954
224 ,"Good news, Iraq",67 ,,Alliance,Baghdad,,Male,"Zayd al-Haqq Hasir N        Shalaka Jabir
al-Zarkanani",2955
224 ,"Good news, Iraq",68 ,,Alliance,Baghdad,,Male,Haider Hasir Aziz Khan Aziz Al-Haydari,2956
224 ,"Good news, Iraq",69 ,,Alliance,Baghdad,,"female
 ",Mayada Abdel Sattar Abdel Rahman Murad Al-Arkawazi,2957
224 ,"Good news, Iraq",70 ,,Alliance,Baghdad,,Male,Haider Matar Ali Khalawi Al-Dhahithi,2958
224 ,"Good news, Iraq",71 ,,Alliance,Baghdad,,Male,Abdul Ghaffar Karim Jim Muhammad Rabia,2959
224 ,"Good news, Iraq",72 ,,Alliance,Baghdad,,Male,احمد كاطع صبار وريوش البهادلیي,2960
224 ,"Good news, Iraq",73 ,,Alliance,Baghdad,,"female
 ",Najat Hasir N. Musa Taher Al-Zaghthi,2961
224 ,"Good news, Iraq",74 ,,Alliance,Baghdad,,"female
 ",Nour Haidar Abdulhassin Saleh Al-Hakim,2962
224 ,"Good news, Iraq",75 ,,Alliance,Baghdad,,"female
 ",The time of Jabbar Shanishil Saleh Al-Rubaie,2963
224 ,"Good news, Iraq",76 ,,Alliance,Baghdad,,Male,Saif Muhammad Subaji Arif Al-Radwan,2964
224 ,"Good news, Iraq",77 ,,Alliance,Baghdad,,"female
 ",Samira Ismail Ibrahim Muhammad Al-Samarani,2965
224 ,"Good news, Iraq",78 ,,Alliance,Baghdad,,Male,Firas Ali Hasir Faris Al-Jumaili,2966
224 ,"Good news, Iraq",79 ,,Alliance,Baghdad,,Male,Abdul Hamid Fadel Jafariyoub Al-Bayanri,2967
224 ,"Good news, Iraq",80 ,,Alliance,Baghdad,,"   female
 ","Hadeer Mohammed Atta Abdelhassir N
Al-Shamaa",2968
224 ,"Good news, Iraq",81 ,,Alliance,Baghdad,,"   female
 ",Nada Khalil plows the field of Al-Shuwaili,2969
224 ,"Good news, Iraq",82 ,,Alliance,Baghdad,,Male,Ahmed Ali Ahmed Falih Al-Tamimi,2970
224 ,"Good news, Iraq",83 ,,Alliance,Baghdad,,"   female
 ","Salwa Mohammed Hassan Abbas Mananri
Al-Miyaji",2971
224 ,"Good news, Iraq",84 ,,Alliance,Baghdad,,Male,"Ali Jihad Muhammad Ali Al-
Hasthan Y",2972
224 ,"Good news, Iraq",85 ,,Alliance,Baghdad,,"   female
 ",Iftikhar Ahmed Alwan Ismail Al-Hayasi,2973
224 ,"Good news, Iraq",86 ,,Alliance,Baghdad,,"   female
 ",Hala Jasib Muhammad Lazm Al-Mohammadawy,2974
224 ,"Good news, Iraq",87 ,,Alliance,Baghdad,,Male,Ghalib Majeed Hassoun Abdullah Al-Kazemiyi,2975
224 ,"Good news, Iraq",88 ,,Alliance,Baghdad,,Male,Mu'ayyad Abdullah Abdul Karim Jaber Al-Saadi,2976
224 ,"Good news, Iraq",89 ,,Alliance,Baghdad,,"   female
 ",ضج علىي طالب عمير الجدياوي,2977
224 ,"Good news, Iraq",90 ,,Alliance,Baghdad,,Male,"Saddam Abdul Razzaq Hasir N       Ali
Al-Zubaidi",2978
224 ,"Good news, Iraq",91 ,,Alliance,Baghdad,,"   female
 ","Thanaa Shenir N Haseer N
Ali Al Shamri",2979
224 ,"Good news, Iraq",92 ,,Alliance,Baghdad,,Male,Falah Hassan Abdul Mohsen Al-Akeili,2980
224 ,"Good news, Iraq",93 ,,Alliance,Baghdad,,"   female
 ",The end of Faisal Lafta Najm Al-Qaisi,2981
224 ,"Good news, Iraq",94 ,,Alliance,Baghdad,,Male,محمد منذر عبدالواحد ناجي الزبيدي,2982
224 ,"Good news, Iraq",95 ,,Alliance,Baghdad,,Male,Fouad Nihad Mohsen Ali Al-Rukani,2983
224 ,"Good news, Iraq",96 ,,Alliance,Baghdad,,Male,Qasim Ahmed Youssef Ismail Al-Moussawi,2984
224 ,"Good news, Iraq",97 ,,Alliance,Baghdad,,"   female
 ",     Mayassa Kataa Abdullah Ahmed Al-Saedi,2985
224 ,"Good news, Iraq",98 ,,Alliance,Baghdad,,Male,  Diaa Fawzy Nasir Ahmed Al-Tayyar,2986
224 ,"Good news, Iraq",100 ,,Alliance,Baghdad,,Male,   Ali Hamid Ali Alwan Al-Zaidi,2987
224 ,"Good news, Iraq",101 ,,Alliance,Baghdad,,"   female
 ",Ibtisam Mujbil Thajil Badan Al-Zaidi,2988
224 ,"Good news, Iraq",102 ,,Alliance,Baghdad,,Male,"Ali Reza Mustafa Hasiran Al-
Yasiri",2989
224 ,"Good news, Iraq",103 ,,Alliance,Baghdad,,Male,Haider Juma and Jarbanian Al-Hamasi,2990
224 ,"Good news, Iraq",104 ,,Alliance,Baghdad,,Male,Raad Salman Abdul Faraj Al-Rubaie,2991
224 ,"Good news, Iraq",105 ,,Alliance,Baghdad,,"   female
 ","Please, Ali Arethi Hamad Al Shamri",2992
224 ,"Good news, Iraq",106 ,,Alliance,Baghdad,,Male,Haidar Majid Farhan Hattab Jabawi,2993
224 ,"Good news, Iraq",107 ,,Alliance,Baghdad,,Male,"Hasirn Jawad Kazim Abdul Awnk-
                      anana",2994
224 ,"Good news, Iraq",108 ,,Alliance,Baghdad,,"   female
 ",       Sun Y Adel Mohsen Nasser Al-Khafaji,2995
224 ,"Good news, Iraq",109 ,,Alliance,Baghdad,,"   female
 ","Marwa Abdel Karim, leave me alone,
Sarul Al-Ziyad",2996
224 ,"Good news, Iraq",110 ,,Alliance,Baghdad,,Male,Abdulhadi Abdulhassan Badr Hamad Al-Zuhair Y,2997
224 ,"Good news, Iraq",111 ,,Alliance,Baghdad,,Male,"Mohammed Majeed saw me, Sand-
eed Al-Sudani",2998
224 ,"Good news, Iraq",113 ,,Alliance,Baghdad,,"   female
 ",Parvin Ismail Saeed Khoshwaldalvi,2999
224 ,"Good news, Iraq",114 ,,Alliance,Baghdad,,Male,Wassim Fareeh Muslim Ghafil Al-Qassab,3000
